id,first_name,last_name,email,active,ip_address,gender,country,os_platform
1,Mariette,Nystrom,mnystrom0@wikia.com,false,197.132.108.22,Female,Portugal,Linux
2,Wynnie,Fay,wfay1@sfgate.com,true,6.100.92.87,Female,Sweden,macOS
3,Beret,Kahler,bkahler2@cbc.ca,false,212.32.117.147,Female,Sweden,Linux
4,Francesco,Ladds,fladds3@latimes.com,false,21.55.248.195,Male,Czech Republic,macOS
5,Cointon,Klee,cklee4@bluehost.com,false,68.29.14.42,Male,Sweden,Android
6,Aurea,Crusham,acrusham5@weebly.com,false,131.198.227.124,Female,Greece,Android
7,Aubrey,Cardillo,acardillo6@bandcamp.com,false,163.178.71.218,Male,Ireland,Linux
8,Claudia,MacFie,cmacfie7@4shared.com,false,43.210.40.162,Female,France,Other
9,Quinton,Hensmans,qhensmans8@mac.com,true,174.220.103.177,Male,Portugal,Other
10,Paquito,Byfford,,true,128.15.25.60,Male,Germany,macOS
11,Kasper,Seine,kseinea@e-recht24.de,false,26.33.200.149,Male,Greece,iOS
12,Kelly,Venditto,kvendittob@weibo.com,true,167.86.77.220,Male,France,Windows
13,Crysta,Brocklesby,cbrocklesbyc@umich.edu,false,71.131.244.67,Female,France,Linux
14,Fin,Le Gallo,flegallod@umich.edu,,186.29.178.186,Male,France,macOS
15,Jonie,Gorstidge,jgorstidgee@cnet.com,true,238.142.67.217,Female,Ireland,Windows
16,Wilhelm,Puckrin,wpuckrinf@paginegialle.it,,210.76.83.206,Male,France,Android
17,Gerri,Warrington,gwarringtong@nifty.com,false,157.196.53.217,Male,France,Android
18,Lurleen,Wicklen,lwicklenh@gov.uk,true,9.134.48.113,Female,Portugal,Android
19,Gibb,Hawton,ghawtoni@statcounter.com,false,130.102.81.128,Male,Greece,Android
20,Berta,Quimby,bquimbyj@eventbrite.com,true,127.238.71.216,Female,France,Other
21,Tobiah,Tallyn,ttallynk@blogs.com,true,191.183.71.155,Male,Ireland,Other
22,Arlina,D'Hooge,adhoogel@wikimedia.org,false,86.143.170.109,Female,France,iOS
23,Torre,McIsaac,tmcisaacm@ustream.tv,true,171.160.182.5,Male,Czech Republic,iOS
24,Elaine,Twyning,etwyningn@t.co,true,0.243.124.90,Female,Greece,Other
25,Tomi,Cromblehome,tcromblehomeo@adobe.com,true,228.252.3.216,Female,Germany,Other
26,Sterling,Biss,sbissp@issuu.com,false,169.227.48.100,Male,Portugal,Linux
27,Mahalia,Boome,mboomeq@wikispaces.com,true,243.175.130.49,Female,France,Android
28,Ulrike,Mardlin,umardlinr@cdc.gov,false,64.132.130.6,Female,France,macOS
29,Kimberlee,St. Ledger,kstledgers@freewebs.com,false,98.110.108.235,Female,France,Other
30,Horton,Audibert,haudibertt@wikimedia.org,,136.212.112.65,Male,Greece,Linux
31,Patton,Lowfill,plowfillu@163.com,true,158.207.24.75,Male,France,Other
32,Leela,McCrainor,lmccrainorv@mit.edu,false,141.210.76.83,Female,Czech Republic,Windows
33,Micheil,Summerside,msummersidew@arizona.edu,true,186.119.20.200,Male,Ireland,Linux
34,Briant,Cradey,bcradeyx@amazonaws.com,false,243.91.130.157,Male,Sweden,iOS
35,Susan,Rainy,srainyy@sourceforge.net,true,100.148.151.57,Female,Slovenia,Linux
36,Marcos,Stanaway,mstanawayz@sphinn.com,true,133.72.30.189,Male,Greece,Other
37,Arabela,Bagwell,abagwell10@storify.com,false,158.212.153.191,Female,Sweden,Other
38,Jessee,Sharville,jsharville11@cloudflare.com,true,181.85.98.67,Male,Sweden,Windows
39,Caitrin,Errol,cerrol12@reverbnation.com,true,180.1.29.251,Female,Sweden,Android
40,Ashla,O'Flaverty,aoflaverty13@earthlink.net,true,164.226.109.8,Female,France,macOS
41,Duncan,Dyas,ddyas14@geocities.com,true,165.112.167.153,Male,Ireland,iOS
42,Denny,Eseler,deseler15@t-online.de,false,43.33.82.227,Female,France,Other
43,Reena,Drohane,rdrohane16@linkedin.com,true,37.31.134.137,Female,Czech Republic,Other
44,Gerardo,Vispo,gvispo17@ucoz.ru,false,71.170.215.219,Male,Portugal,Android
45,Rozelle,Storah,rstorah18@1und1.de,true,71.80.247.98,Female,United Kingdom,Other
46,Arabelle,Ateggart,aateggart19@whitehouse.gov,false,128.67.84.200,Female,France,Other
47,Kipp,Danaher,kdanaher1a@ucla.edu,false,151.137.187.179,Male,Sweden,macOS
48,Gail,Culham,,true,150.103.197.161,Male,Sweden,iOS
49,Cassi,Leban,cleban1c@comsenz.com,true,227.228.159.118,Female,Czech Republic,iOS
50,Mikel,Aistrop,maistrop1d@paginegialle.it,true,251.111.74.203,Male,Czech Republic,Windows
51,Dukey,Doncom,ddoncom1e@europa.eu,true,217.128.145.47,Male,Norway,Linux
52,Luce,Tant,ltant1f@linkedin.com,false,176.26.155.138,Male,Portugal,macOS
53,Matias,Bugge,mbugge1g@themeforest.net,false,44.121.6.231,Male,Greece,Windows
54,Keith,Mc Kellen,kmckellen1h@clickbank.net,false,158.126.214.180,Male,France,Android
55,Winny,Raccio,wraccio1i@multiply.com,true,246.98.179.231,Male,Norway,Windows
56,Giralda,Casone,,true,5.178.77.95,Female,France,macOS
57,Even,Matyashev,ematyashev1k@usnews.com,false,190.69.117.178,Male,Sweden,Other
58,Berti,Grimmert,bgrimmert1l@bravesites.com,false,250.172.48.210,Female,France,macOS
59,Ivett,Mallows,imallows1m@mac.com,true,127.40.192.79,Female,France,Linux
60,Roxanna,Ling,rling1n@marketwatch.com,false,114.49.25.206,Female,Norway,macOS
61,Mirabelle,Sivewright,msivewright1o@usda.gov,false,6.209.205.137,Female,Portugal,iOS
62,Mariette,Bradburne,mbradburne1p@wix.com,false,63.89.214.54,Female,Norway,iOS
63,Sasha,Ruseworth,sruseworth1q@diigo.com,true,137.213.79.98,Female,Netherlands,Android
64,Sara,Higgonet,shiggonet1r@arizona.edu,true,240.77.252.44,Female,France,Linux
65,Lindsy,Stidston,lstidston1s@bbb.org,false,112.153.51.70,Female,France,macOS
66,Allison,Bedham,abedham1t@dagondesign.com,false,230.148.194.22,Female,Sweden,Linux
67,Scotti,Harnetty,sharnetty1u@ucla.edu,true,196.222.65.131,Male,Sweden,macOS
68,Darn,De Freitas,,false,192.2.219.62,Male,Greece,macOS
69,Frederic,Abramson,fabramson1w@boston.com,false,180.79.244.187,Male,France,iOS
70,Jacki,Percifull,jpercifull1x@earthlink.net,false,169.61.255.171,Female,Greece,Other
71,Irena,Wayon,iwayon1y@ebay.co.uk,true,145.59.215.241,Female,Czech Republic,Other
72,Nial,Leverentz,nleverentz1z@utexas.edu,false,146.246.41.129,Male,Portugal,Other
73,Maritsa,Goodlake,mgoodlake20@creativecommons.org,false,51.251.109.163,Female,Czech Republic,Android
74,Opaline,Sutherington,osutherington21@alibaba.com,false,24.91.240.12,Female,Norway,Android
75,Gasper,Huton,ghuton22@uol.com.br,false,3.150.150.210,Male,Sweden,Windows
76,Mead,McGeagh,mmcgeagh23@pinterest.com,true,31.31.30.229,Female,France,iOS
77,Ellie,Tirrey,etirrey24@bloglines.com,true,23.54.37.196,Female,Portugal,Android
78,Sidney,MacNeachtain,smacneachtain25@a8.net,true,163.153.73.144,Male,Czech Republic,macOS
79,Eba,Jotham,,false,25.4.208.204,Female,Greece,Other
80,Vail,Busek,vbusek27@wix.com,true,35.98.6.96,Male,France,iOS
81,Donny,Lambourne,dlambourne28@51.la,false,102.4.70.87,Male,Netherlands,Windows
82,Audry,Musk,amusk29@webmd.com,true,125.229.28.129,Female,Norway,iOS
83,Chrissy,Rofe,crofe2a@geocities.com,true,3.222.247.113,Male,Sweden,Other
84,Margaretha,Cartmer,mcartmer2b@liveinternet.ru,false,249.25.198.26,Female,Sweden,Other
85,Arvie,Fleetwood,afleetwood2c@google.fr,true,236.163.204.123,Male,Portugal,macOS
86,Dayna,Le Strange,dlestrange2d@pagesperso-orange.fr,true,201.72.130.132,Female,Greece,Linux
87,Obie,Govett,ogovett2e@php.net,true,33.78.232.253,Male,France,Other
88,Gene,Chin,gchin2f@goodreads.com,true,249.183.26.13,Male,Sweden,iOS
89,Rudolfo,Seven,rseven2g@reddit.com,false,209.73.123.83,Male,Germany,Android
90,Nigel,Waslin,nwaslin2h@imageshack.us,true,28.211.246.33,Male,France,Linux
91,Cirillo,Thorlby,cthorlby2i@columbia.edu,false,63.172.148.143,Male,Portugal,iOS
92,Datha,Foston,dfoston2j@istockphoto.com,true,212.140.236.130,Female,Spain,Android
93,Christoph,Ley,cley2k@163.com,false,159.22.160.153,Male,Norway,iOS
94,Laurent,Connaughton,lconnaughton2l@chicagotribune.com,,95.175.147.244,Male,Czech Republic,Other
95,Frankie,Mocker,fmocker2m@google.com.hk,true,173.225.78.35,Male,France,iOS
96,Rutter,Blannin,rblannin2n@cisco.com,false,212.248.192.173,Male,Slovenia,Windows
97,Joanie,Linner,jlinner2o@i2i.jp,false,33.12.69.67,Female,Portugal,macOS
98,Tate,Binne,tbinne2p@ycombinator.com,false,223.83.198.218,Male,France,Other
99,David,Blackater,,false,219.155.123.227,Male,France,Linux
100,Elwood,Drummer,edrummer2r@naver.com,false,41.243.110.181,Male,Czech Republic,Other
101,Lira,Minico,lminico2s@psu.edu,true,165.225.93.24,Female,Portugal,Android
102,Anestassia,ducarme,aducarme2t@goo.gl,true,158.4.243.71,Female,France,Linux
103,Phip,Mohammed,pmohammed2u@cbsnews.com,true,97.150.253.182,Male,Czech Republic,Android
104,Thorstein,Venditto,tvenditto2v@google.ru,false,208.185.223.125,Male,Portugal,Other
105,Darsey,Cissen,dcissen2w@google.de,true,132.32.39.23,Female,Italy,macOS
106,Analiese,Forrington,aforrington2x@dailymail.co.uk,false,67.72.25.140,Female,France,Android
107,Wenona,Leach,wleach2y@skype.com,false,164.100.244.239,Female,Portugal,macOS
108,Therese,Casol,tcasol2z@jigsy.com,true,106.59.179.87,Female,Ireland,macOS
109,Creight,Alywen,calywen30@list-manage.com,false,230.92.84.214,Male,Sweden,Other
110,Brandea,Gumby,bgumby31@irs.gov,false,132.197.57.150,Female,Greece,Windows
111,Yanaton,Treeby,ytreeby32@mashable.com,false,78.89.110.184,Male,Hungary,Linux
112,Ryun,McElmurray,rmcelmurray33@dmoz.org,true,25.39.166.42,Male,Portugal,macOS
113,Carol,Matovic,,,55.231.186.237,Female,Sweden,Windows
114,Arabelle,Pallas,apallas35@wordpress.org,true,198.131.185.184,Female,Portugal,Windows
115,Brander,Harvett,bharvett36@cam.ac.uk,true,51.3.64.238,Male,France,macOS
116,Frank,Wraxall,fwraxall37@cocolog-nifty.com,true,44.224.190.209,Female,Portugal,macOS
117,Regina,Ascough,,false,157.57.1.155,Female,Czech Republic,Other
118,Gaston,Jellicorse,gjellicorse39@mlb.com,false,38.31.19.139,Male,Portugal,Android
119,Carmen,Harpham,charpham3a@sphinn.com,false,248.170.34.105,Female,Sweden,macOS
120,Brynne,Franckton,bfranckton3b@upenn.edu,false,19.49.160.125,Female,Sweden,Windows
121,Beverlee,Eaklee,beaklee3c@mayoclinic.com,true,95.163.250.235,Female,United Kingdom,Other
122,Terri-jo,Reynard,treynard3d@si.edu,true,160.251.52.169,Female,France,Android
123,Rooney,Todhunter,rtodhunter3e@epa.gov,false,217.88.0.187,Male,Czech Republic,Android
124,Johnathan,Sarton,jsarton3f@hud.gov,true,85.58.227.91,Male,Czech Republic,macOS
125,Jessie,Corlett,jcorlett3g@posterous.com,false,127.172.168.57,Female,France,Android
126,Taddeusz,Forlonge,tforlonge3h@about.me,false,170.196.177.209,Male,Portugal,Other
127,Sharon,Muller,smuller3i@irs.gov,false,165.19.119.148,Female,France,Windows
128,Arlene,Raubheim,araubheim3j@printfriendly.com,false,194.55.227.49,Female,France,Other
129,Bogart,Rylands,brylands3k@oracle.com,false,23.101.90.9,Male,Spain,Android
130,Lee,De Mattei,ldemattei3l@163.com,false,104.232.180.151,Female,Czech Republic,Other
131,Elianora,Caslett,ecaslett3m@wordpress.com,true,14.7.229.92,Female,Netherlands,macOS
132,Tudor,Loder,tloder3n@altervista.org,true,251.17.222.101,Male,Czech Republic,Other
133,Cherie,Zimmerman,czimmerman3o@hc360.com,,2.124.98.182,Female,Portugal,macOS
134,Nina,Lacy,nlacy3p@taobao.com,true,22.20.146.53,Female,Greece,iOS
135,Evey,Pinches,epinches3q@woothemes.com,true,173.177.33.234,Female,Portugal,Linux
136,Gabbie,Sainte Paul,gsaintepaul3r@360.cn,false,229.48.133.29,Male,Denmark,iOS
137,Hayes,Le Count,hlecount3s@uol.com.br,true,40.126.21.25,Male,Sweden,Android
138,Nadiya,Bluck,nbluck3t@lycos.com,true,154.12.100.93,Female,Portugal,macOS
139,Sophronia,McNeachtain,smcneachtain3u@google.fr,true,234.237.168.166,Female,Portugal,Other
140,Deck,Luxon,dluxon3v@xrea.com,false,83.32.114.224,Male,France,Other
141,Isaak,Mosdall,imosdall3w@netscape.com,true,15.86.40.96,Male,France,macOS
142,Karmen,Petford,kpetford3x@wordpress.com,false,147.208.1.66,Female,Slovenia,Linux
143,Cullie,Mouland,cmouland3y@sun.com,true,167.186.36.219,Male,Czech Republic,Linux
144,Alaster,Campkin,acampkin3z@webmd.com,false,93.237.160.253,Male,Slovenia,macOS
145,Darius,Aysik,daysik40@hhs.gov,true,26.130.14.226,Male,Norway,macOS
146,Wait,O'Dare,wodare41@meetup.com,true,250.238.255.216,Male,Portugal,Other
147,Phineas,Hankard,phankard42@tinypic.com,true,99.147.51.46,Male,Czech Republic,Linux
148,Addi,Impy,aimpy43@vk.com,true,226.48.171.201,Female,Portugal,Linux
149,Rodney,Titchmarsh,rtitchmarsh44@homestead.com,false,242.252.252.255,Male,Sweden,iOS
150,Pyotr,Flemmich,pflemmich45@geocities.jp,true,209.217.147.168,Male,Portugal,Android
151,Idell,Jossel,ijossel46@linkedin.com,true,3.3.146.246,Female,France,Android
152,Dorry,Dudleston,ddudleston47@mapquest.com,,11.33.231.154,Female,Portugal,macOS
153,Alonzo,Boldison,aboldison48@flickr.com,,45.206.197.82,Male,Czech Republic,Other
154,Vernen,Enga,venga49@ocn.ne.jp,true,205.67.45.86,Male,Ireland,Windows
155,Alfredo,Broke,abroke4a@biblegateway.com,true,12.42.128.65,Male,Portugal,macOS
156,Klement,Mehaffey,kmehaffey4b@earthlink.net,,252.13.88.140,Male,Ireland,Other
157,Lorenzo,Scargill,lscargill4c@biblegateway.com,,39.13.77.145,Male,Portugal,Android
158,Vivien,Confort,,true,61.224.191.83,Female,Slovenia,iOS
159,Winifred,Runnacles,wrunnacles4e@nih.gov,false,198.33.237.42,Female,Portugal,Windows
160,Wynny,Dodgshon,wdodgshon4f@google.com.hk,true,32.131.145.186,Female,France,Other
161,Thain,Spight,tspight4g@telegraph.co.uk,true,255.224.253.101,Male,Portugal,macOS
162,Orton,Thirlaway,othirlaway4h@ted.com,false,246.50.148.59,Male,Greece,Android
163,Nanci,Totton,ntotton4i@skype.com,true,75.57.80.110,Female,France,Android
164,Kris,Kubelka,kkubelka4j@imgur.com,false,48.171.2.119,Male,Denmark,macOS
165,Munroe,Lipscomb,,false,53.10.10.218,Male,France,Linux
166,Denise,Pikett,dpikett4l@parallels.com,,189.231.175.130,Female,Sweden,Android
167,Karon,Longworthy,klongworthy4m@aboutads.info,true,248.105.108.30,Female,Slovenia,Android
168,Giacobo,Jaggar,gjaggar4n@sourceforge.net,true,138.174.159.216,Male,France,iOS
169,Ellswerth,Cheson,echeson4o@dot.gov,false,2.75.229.88,Male,Slovenia,Other
170,Saundra,Gowan,sgowan4p@qq.com,true,18.156.139.223,Female,Slovenia,macOS
171,Andrei,Pfertner,apfertner4q@google.fr,true,169.22.210.11,Female,Czech Republic,iOS
172,Gwenette,Fredson,gfredson4r@illinois.edu,true,206.100.114.157,Female,Greece,Linux
173,Chery,Begg,cbegg4s@devhub.com,false,186.182.251.251,Female,France,Windows
174,Rodrigo,Archbold,rarchbold4t@people.com.cn,true,134.217.116.255,Male,United Kingdom,Linux
175,Abdel,Holmyard,aholmyard4u@etsy.com,false,96.112.134.16,Male,Sweden,Other
176,Hansiain,Shillito,hshillito4v@pcworld.com,false,253.211.138.71,Male,France,Windows
177,Cody,Usher,cusher4w@foxnews.com,false,75.133.234.34,Male,Ireland,Linux
178,Whitby,Chellenham,wchellenham4x@networksolutions.com,,194.146.231.218,Male,Sweden,Linux
179,Barry,Fairest,bfairest4y@marriott.com,false,165.132.176.175,Male,Norway,iOS
180,Lissie,Marcombe,lmarcombe4z@umich.edu,false,144.253.130.102,Female,Greece,Other
181,Marcela,Syphas,,true,193.42.146.74,Female,France,Other
182,Hilarius,Rough,,false,251.120.232.160,Male,Portugal,Other
183,Itch,Helversen,ihelversen52@cdc.gov,false,193.225.190.1,Male,France,iOS
184,Nike,Kettlesing,nkettlesing53@google.com.au,false,205.173.237.3,Female,Portugal,Linux
185,Michaelina,Ruzic,mruzic54@paginegialle.it,true,61.119.209.63,Female,France,Linux
186,Veronika,Dioniso,vdioniso55@com.com,true,196.30.79.12,Female,Portugal,Android
187,Lewes,Collerd,lcollerd56@go.com,false,178.193.88.16,Male,Czech Republic,Windows
188,Tiphanie,Colicot,tcolicot57@so-net.ne.jp,false,126.248.244.168,Female,France,Linux
189,Karney,Heel,kheel58@bigcartel.com,true,229.221.246.21,Male,Czech Republic,iOS
190,Bucky,Stallwood,bstallwood59@instagram.com,,207.85.155.87,Male,France,Android
191,Brockie,Sauvan,bsauvan5a@geocities.jp,true,252.125.93.33,Male,Portugal,iOS
192,Ashley,Andersen,,false,179.28.187.240,Male,Sweden,Other
,Elly,Straun,estraun5c@amazonaws.com,true,189.42.53.186,Female,France,macOS
194,Livvyy,Petti,lpetti5d@yandex.ru,false,90.196.144.15,Female,Portugal,Android
195,Demetra,Amoss,damoss5e@nyu.edu,false,66.167.31.252,Female,Norway,Other
196,Andree,Claypool,aclaypool5f@lycos.com,true,59.228.59.252,Female,Germany,macOS
197,Gustavus,Wassell,gwassell5g@simplemachines.org,false,194.160.86.36,Male,Sweden,Other
198,Nichole,Dearing,ndearing5h@canalblog.com,true,175.211.80.187,Female,Czech Republic,Windows
199,Buck,Middell,,true,10.12.8.13,Male,France,macOS
200,Mamie,Hughesdon,mhughesdon5j@usgs.gov,true,195.136.247.174,Female,Sweden,Other
201,Tabb,Hazelby,,true,69.229.153.122,Male,Sweden,Linux
202,Margette,Skelhorn,mskelhorn5l@marketwatch.com,,141.146.156.246,Female,Portugal,macOS
203,Inger,Donson,idonson5m@liveinternet.ru,true,173.30.91.241,Male,Sweden,Windows
204,Elena,Faust,efaust5n@zdnet.com,true,141.220.226.184,Female,Greece,Linux
205,Robinet,Borman,rborman5o@gmpg.org,false,180.113.179.114,Female,Sweden,Linux
206,Bertha,Wreath,bwreath5p@oracle.com,false,189.41.152.57,Female,Portugal,Android
207,Barbabra,May,bmay5q@51.la,true,204.215.56.103,Female,Greece,iOS
208,Niels,Becerro,nbecerro5r@marriott.com,false,108.154.134.198,Male,Portugal,Other
209,Jocko,Digman,jdigman5s@examiner.com,false,241.146.67.16,Male,Portugal,Other
210,Tyrus,Boater,tboater5t@theglobeandmail.com,true,154.196.27.178,Male,Slovenia,macOS
211,Kiah,Buddell,kbuddell5u@creativecommons.org,true,164.199.132.230,Female,Greece,Windows
212,Nero,Cherrie,ncherrie5v@myspace.com,false,124.46.228.22,Male,Spain,Linux
213,Jonell,Lafuente,jlafuente5w@plala.or.jp,true,100.107.79.189,Female,Austria,Linux
214,Yankee,Barnardo,ybarnardo5x@mac.com,false,112.20.79.214,Male,Sweden,Android
215,Hyacinthe,Merrgen,hmerrgen5y@weebly.com,true,173.195.63.45,Female,Czech Republic,macOS
216,Rosalynd,Penella,rpenella5z@toplist.cz,,118.177.140.242,Female,Sweden,Other
217,Stanfield,Siaskowski,ssiaskowski60@posterous.com,false,86.121.165.29,Male,Denmark,Windows
218,Basilius,Pomfrey,bpomfrey61@is.gd,true,48.186.54.36,Male,Sweden,iOS
219,Lennard,Nerger,lnerger62@senate.gov,true,191.82.74.127,Male,Sweden,Windows
220,Tuesday,Swansborough,tswansborough63@time.com,,209.21.248.88,Female,Sweden,Other
221,Terrie,Di Gregorio,tdigregorio64@tinyurl.com,true,230.9.8.241,Female,France,Linux
222,Lew,Wordesworth,lwordesworth65@com.com,true,110.179.80.107,Male,Portugal,Android
223,Audre,Giron,agiron66@diigo.com,false,11.171.201.9,Female,Czech Republic,macOS
224,Netty,Anstice,nanstice67@intel.com,,72.219.174.149,Female,Slovenia,macOS
225,Ede,Mountlow,emountlow68@state.gov,false,8.196.124.167,Female,Sweden,iOS
226,Haily,MacPeake,,true,173.90.225.44,Male,Sweden,iOS
227,Nicky,Baldassi,nbaldassi6a@4shared.com,,34.230.201.227,Male,Portugal,Android
228,Elvyn,Marciek,emarciek6b@theguardian.com,false,117.14.26.102,Male,Spain,macOS
229,Nikolaus,Peirone,npeirone6c@auda.org.au,true,55.137.102.133,Male,Belgium,Windows
230,Yehudi,Showers,yshowers6d@qq.com,true,202.185.160.37,Male,France,Other
231,Vicky,Gethouse,vgethouse6e@linkedin.com,false,225.51.29.1,Female,Sweden,Windows
232,Ebenezer,Gerwood,egerwood6f@ezinearticles.com,,220.220.114.52,Male,Netherlands,Linux
233,Paulie,Sim,psim6g@360.cn,,103.13.229.139,Female,Portugal,iOS
234,Dewain,Piscopo,dpiscopo6h@hud.gov,false,73.248.54.33,Male,France,Windows
235,Markus,Paulson,mpaulson6i@pinterest.com,false,121.69.147.116,Male,Portugal,Linux
236,Eden,Josh,,true,48.114.130.178,Female,Portugal,Other
237,Erv,Beaves,ebeaves6k@deliciousdays.com,false,156.41.151.186,Male,Sweden,Android
238,Andrew,Placstone,aplacstone6l@nifty.com,false,199.12.165.126,Male,Sweden,Other
239,Rosabelle,Stoakley,,false,37.130.90.107,Female,France,macOS
240,Harmon,Riddell,,false,108.249.183.114,Male,Sweden,macOS
241,Kellyann,Koene,kkoene6o@dropbox.com,false,111.155.9.130,Female,Czech Republic,Android
242,Simone,Spottiswoode,sspottiswoode6p@reference.com,false,118.19.227.191,Male,Portugal,Android
243,Keenan,Vedeshkin,kvedeshkin6q@yandex.ru,,117.14.30.253,Male,Portugal,Windows
244,Allsun,Sivil,asivil6r@themeforest.net,true,146.226.187.122,Female,Portugal,Linux
245,Marion,Cropp,mcropp6s@nba.com,true,100.128.82.244,Female,Germany,Android
246,Kynthia,Caillou,kcaillou6t@ox.ac.uk,true,139.59.92.151,Female,Czech Republic,iOS
247,Krishna,Sybry,ksybry6u@ebay.co.uk,false,185.250.142.196,Male,Portugal,Android
248,Sherline,Ricci,,false,134.249.3.202,Female,Portugal,iOS
249,Shea,Eagell,seagell6w@nature.com,false,92.194.201.106,Male,Czech Republic,Windows
250,Emeline,Cranage,ecranage6x@deviantart.com,true,59.8.13.179,Female,France,Android
251,Rutter,Ambrogioli,rambrogioli6y@issuu.com,false,57.251.12.230,Male,Sweden,Windows
252,Phylys,Ivanonko,pivanonko6z@qq.com,true,12.16.195.103,Female,Slovenia,Android
253,Jorge,Lowis,jlowis70@51.la,false,78.194.90.155,Male,Portugal,Windows
254,Mathilde,Bawden,mbawden71@prnewswire.com,false,255.54.220.255,Female,Sweden,Windows
255,Ashien,Domenget,adomenget72@yellowpages.com,false,18.96.183.240,Female,Portugal,Android
256,Barry,Morrall,bmorrall73@cdc.gov,,25.215.120.28,Female,Sweden,iOS
257,Tye,Lifton,tlifton74@fema.gov,,108.158.139.91,Male,Czech Republic,macOS
258,Brigid,Youings,byouings75@google.co.jp,true,182.94.165.69,Female,Portugal,Windows
259,Nels,Keyho,nkeyho76@nature.com,true,72.144.50.75,Male,Portugal,iOS
,Geoff,Paule,gpaule77@theguardian.com,false,12.57.186.147,Male,France,Other
261,Cicely,Attwooll,cattwooll78@washingtonpost.com,,17.30.178.40,Female,Portugal,Linux
262,Linnet,Tirkin,ltirkin79@ucsd.edu,false,20.232.50.41,Female,Portugal,Windows
263,Elliott,Bartlett,ebartlett7a@salon.com,,14.73.33.178,Male,Netherlands,iOS
264,Blayne,Igonet,,true,161.181.73.155,Male,Portugal,Windows
265,Sax,Copozio,scopozio7c@reference.com,false,255.0.70.23,Male,Sweden,iOS
266,Brandi,Christescu,bchristescu7d@fda.gov,true,226.113.146.1,Female,Sweden,Windows
267,Cyndy,Teape,cteape7e@cnn.com,false,164.247.229.51,Female,Greece,Linux
268,Eldridge,Sire,esire7f@dyndns.org,true,163.42.216.194,Male,Greece,Windows
269,Ax,Sawkin,asawkin7g@list-manage.com,false,165.85.127.175,Male,Sweden,iOS
270,Hobart,Jonsson,hjonsson7h@state.tx.us,false,160.147.187.40,Male,Sweden,Linux
271,Smitty,Dawney,sdawney7i@bravesites.com,false,47.143.20.8,Male,Netherlands,Windows
272,Shawna,Miklem,smiklem7j@twitter.com,true,29.217.43.87,Female,Greece,macOS
273,Rosaline,Domleo,,,54.138.92.127,Female,France,Linux
274,Salvatore,Bulger,sbulger7l@constantcontact.com,true,178.199.172.69,Male,Portugal,iOS
275,Sheelah,Jedrasik,sjedrasik7m@github.io,true,252.32.198.105,Female,Portugal,Windows
276,Mable,Routhorn,mrouthorn7n@mozilla.org,true,118.197.129.65,Female,Portugal,iOS
277,Christos,Himsworth,,true,41.56.255.95,Male,Greece,Android
278,Franklin,Syversen,fsyversen7p@geocities.jp,true,54.239.22.119,Male,Portugal,Linux
279,Ricoriki,Ruddell,rruddell7q@usatoday.com,false,147.145.52.146,Male,Sweden,Android
280,Nate,Van Haeften,nvanhaeften7r@g.co,true,231.173.194.46,Male,France,Android
281,Tiffi,Sivil,tsivil7s@bigcartel.com,false,5.204.14.55,Female,Greece,macOS
282,Craig,Drayton,cdrayton7t@exblog.jp,true,94.64.55.51,Male,Portugal,Other
283,Rudy,Macewan,rmacewan7u@devhub.com,false,98.67.225.16,Male,Norway,Windows
284,Karil,Tyrwhitt,ktyrwhitt7v@yandex.ru,true,184.146.209.67,Female,Portugal,Other
285,Lynea,Lovie,llovie7w@dmoz.org,true,213.191.131.188,Female,Spain,iOS
286,Carolyne,Balassa,cbalassa7x@google.com.au,false,85.40.17.39,Female,Norway,Windows
287,Purcell,Cready,pcready7y@smh.com.au,false,247.121.117.98,Male,Ireland,Linux
288,Gnni,Sutterby,gsutterby7z@chicagotribune.com,true,28.109.56.45,Female,Czech Republic,macOS
289,Scottie,Woodger,swoodger80@about.com,false,242.252.46.52,Male,France,Android
290,Adolphus,Aikman,aaikman81@github.com,false,144.173.186.252,Male,France,iOS
291,Wiatt,Bartlet,wbartlet82@mac.com,,119.225.45.167,Male,France,Windows
292,Brnaba,Sprigin,bsprigin83@google.pl,false,7.134.224.231,Male,Portugal,iOS
293,Eric,Forseith,eforseith84@ask.com,false,238.34.191.176,Male,Norway,Other
294,Luis,Rough,lrough85@goodreads.com,false,30.70.144.59,Male,France,Other
295,Menard,Fenemore,mfenemore86@ucla.edu,false,96.179.52.221,Male,Portugal,Android
296,Carissa,Thomassen,cthomassen87@ibm.com,false,129.247.34.198,Female,Sweden,Windows
297,Patton,Hathaway,phathaway88@fda.gov,false,186.168.143.221,Male,France,Linux
,Constantine,Lowater,clowater89@blinklist.com,true,204.76.93.248,Male,France,Android
299,Ealasaid,Tarburn,etarburn8a@gmpg.org,true,155.66.135.186,Female,Portugal,macOS
300,Fianna,Berks,,false,78.96.205.9,Female,Portugal,Linux
301,Todd,Scanlon,,false,210.144.90.128,Male,Czech Republic,Android
302,Morty,McCarron,mmccarron8d@e-recht24.de,,140.176.108.182,Male,France,macOS
303,Brandon,Bracken,bbracken8e@jigsy.com,false,93.100.138.238,Male,France,Other
304,Blinnie,Prando,bprando8f@hugedomains.com,true,46.92.76.110,Female,France,macOS
305,Jordain,Cunney,jcunney8g@nymag.com,true,84.46.117.207,Female,France,Other
306,Evangelia,Behrend,ebehrend8h@google.de,false,178.161.130.183,Female,Portugal,macOS
307,Clare,Sanford,csanford8i@walmart.com,true,171.114.196.233,Male,France,Android
308,Gunter,Francomb,gfrancomb8j@blogs.com,true,197.207.178.190,Male,Sweden,Android
309,Mildred,Leadstone,mleadstone8k@twitter.com,true,80.58.142.19,Female,Hungary,Other
310,Bert,Tinniswood,btinniswood8l@oaic.gov.au,false,13.148.95.21,Female,Portugal,macOS
311,Alia,Episcopio,aepiscopio8m@kickstarter.com,false,217.131.25.76,Female,France,iOS
312,Rosamond,Hindmoor,rhindmoor8n@unc.edu,true,49.67.32.97,Female,France,Linux
313,Alf,Durston,adurston8o@msu.edu,true,9.41.194.14,Male,Sweden,Windows
314,Erny,Agnolo,,true,153.37.2.169,Male,Portugal,iOS
315,Denney,Verdy,dverdy8q@homestead.com,true,82.96.210.90,Male,Sweden,Windows
316,Herbert,Strutley,hstrutley8r@yellowbook.com,false,184.235.53.81,Male,Ireland,Android
317,Evelina,Whodcoat,ewhodcoat8s@google.pl,true,0.150.93.79,Female,Portugal,macOS
318,Emmaline,Cornall,ecornall8t@bbb.org,true,139.140.109.112,Female,Portugal,Other
319,Lauri,Iczokvitz,liczokvitz8u@woothemes.com,true,65.196.126.186,Female,Norway,iOS
320,Artair,Lawrenz,alawrenz8v@over-blog.com,false,51.102.155.7,Male,Norway,Linux
321,Shelley,Newband,snewband8w@google.de,false,129.3.207.89,Male,Sweden,Other
322,Che,Mannakee,cmannakee8x@booking.com,true,44.141.177.36,Male,Hungary,Linux
323,Gayle,Challener,gchallener8y@state.tx.us,true,44.242.240.40,Female,Greece,Linux
324,Mason,Gelder,mgelder8z@tinyurl.com,false,69.183.117.83,Male,Ireland,Windows
325,Isis,Shiels,ishiels90@sakura.ne.jp,false,148.0.141.154,Female,Norway,Linux
326,Dolf,Munday,dmunday91@dailymail.co.uk,true,248.64.169.142,Male,Portugal,iOS
327,Caz,Bladen,cbladen92@bbc.co.uk,true,149.44.42.215,Male,Portugal,Android
328,Margaretta,Gresswood,mgresswood93@foxnews.com,false,197.127.144.92,Female,Portugal,Windows
329,Maury,Siemons,msiemons94@ucsd.edu,false,183.88.116.205,Male,Norway,Android
330,Brooks,Folland,bfolland95@devhub.com,true,242.69.56.136,Female,France,Android
331,Farrah,Laugharne,flaugharne96@skype.com,true,164.146.19.251,Female,Portugal,Android
332,Josy,Leabeater,jleabeater97@weather.com,false,26.224.220.38,Female,France,Android
333,Lockwood,Ruddy,lruddy98@exblog.jp,false,17.64.66.137,Male,Norway,iOS
334,Frederica,deKnevet,,true,217.112.138.19,Female,Norway,iOS
335,Yalonda,Whiteland,,,201.9.140.11,Female,Portugal,macOS
336,Ailyn,Easton,aeaston9b@ucla.edu,false,222.50.131.186,Female,Czech Republic,Android
337,Thorndike,Valero,tvalero9c@bluehost.com,false,231.33.171.112,Male,Portugal,Linux
338,Maris,Sarvar,msarvar9d@prnewswire.com,false,106.134.216.116,Female,France,Windows
339,Caz,Chaffer,cchaffer9e@reddit.com,true,210.163.151.168,Male,Norway,iOS
340,Reed,Thorby,rthorby9f@huffingtonpost.com,true,5.101.80.1,Male,Germany,Android
341,Lazare,Itzcovich,litzcovich9g@imdb.com,false,134.225.221.88,Male,Portugal,iOS
342,Lionel,Counter,lcounter9h@mit.edu,false,47.224.32.36,Male,Portugal,Other
343,Kenton,Farans,kfarans9i@npr.org,true,25.224.145.68,Male,France,Other
344,Frazer,Lutwyche,flutwyche9j@prnewswire.com,true,108.183.247.140,Male,Hungary,Linux
345,Bevan,Pears,bpears9k@tumblr.com,true,248.171.245.122,Male,Portugal,Windows
346,Dulcy,Winsley,dwinsley9l@wsj.com,,15.72.195.109,Female,Greece,Android
347,Portie,Carwardine,pcarwardine9m@wufoo.com,true,41.225.17.225,Male,Portugal,iOS
348,Berri,Arrighetti,barrighetti9n@google.com.hk,true,52.130.123.160,Female,France,Linux
349,Theodor,Jankowski,tjankowski9o@theglobeandmail.com,false,221.249.83.105,Male,France,Other
350,Josee,Drinkwater,jdrinkwater9p@unc.edu,false,218.4.158.103,Female,France,Other
351,Ogden,Peever,,true,183.165.32.216,Male,Portugal,Other
352,Valery,Krahl,vkrahl9r@sphinn.com,false,25.89.48.19,Female,Sweden,Android
353,Nissie,Gaddas,ngaddas9s@paypal.com,true,184.47.39.54,Female,France,iOS
354,Wendall,Ogbourne,,true,225.18.34.66,Male,Norway,Linux
355,Jeni,Trye,jtrye9u@msn.com,false,216.184.54.252,Female,Sweden,Windows
356,Rochester,Juett,rjuett9v@wordpress.com,true,65.185.26.251,Male,Greece,Android
357,Roz,Eastridge,reastridge9w@artisteer.com,false,88.17.27.199,Female,Greece,macOS
358,Stan,Calbrathe,scalbrathe9x@indiegogo.com,true,144.161.176.49,Male,Czech Republic,Other
359,Roderick,Edginton,redginton9y@reverbnation.com,true,241.120.248.126,Male,Portugal,Android
360,Janenna,Buist,jbuist9z@ox.ac.uk,false,163.231.143.131,Female,Netherlands,Android
361,Saunder,Deddum,sdedduma0@nasa.gov,true,162.90.19.130,Male,Portugal,Linux
362,Ashleigh,Hallibone,ahallibonea1@github.com,false,37.67.233.80,Female,Denmark,Android
363,Wilona,Cordelette,wcordelettea2@chronoengine.com,true,196.29.101.40,Female,Portugal,iOS
364,Maddie,Syder,msydera3@imageshack.us,false,224.21.5.93,Male,Sweden,Linux
365,Alyosha,O'Riordan,aoriordana4@moonfruit.com,true,111.165.29.101,Male,France,Windows
366,Val,Membry,vmembrya5@gov.uk,false,87.207.25.81,Male,Portugal,Android
367,Chic,Habben,chabbena6@webnode.com,true,72.2.132.197,Male,France,Linux
368,Colin,Beernt,cbeernta7@quantcast.com,true,28.103.134.77,Male,Greece,iOS
369,Flossy,Wallentin,fwallentina8@google.com.br,false,193.47.190.19,Female,Spain,Other
370,Annnora,Strodder,astroddera9@tiny.cc,true,92.72.229.213,Female,Sweden,Linux
371,Joni,Loffel,jloffelaa@sina.com.cn,true,72.23.193.251,Female,France,Linux
372,Adrian,McArtan,amcartanab@eventbrite.com,,229.72.243.188,Female,Ireland,macOS
373,Gibby,Parncutt,gparncuttac@nationalgeographic.com,true,88.68.184.90,Male,Greece,macOS
374,Blanca,Clarage,bclaragead@mashable.com,false,207.144.134.50,Female,Czech Republic,Linux
375,Zebulen,Freiburger,zfreiburgerae@howstuffworks.com,false,32.8.206.215,Male,France,Other
376,Josefa,Lethcoe,jlethcoeaf@exblog.jp,,128.195.226.131,Female,France,Windows
377,Federica,Owlner,fowlnerag@cdc.gov,true,237.161.192.112,Female,France,macOS
378,Bradford,Yarranton,byarrantonah@amazonaws.com,false,62.222.229.21,Male,Portugal,Other
379,Tommie,Wyburn,twyburnai@ask.com,false,199.226.10.54,Male,France,Linux
380,Gerty,Gretton,ggrettonaj@godaddy.com,true,28.192.150.246,Female,France,Other
381,Richmound,Marke,rmarkeak@vimeo.com,true,158.198.2.206,Male,Portugal,Android
382,Colin,Rosensaft,crosensaftal@hubpages.com,true,61.133.27.207,Male,Portugal,Other
383,Ted,Sockell,tsockellam@europa.eu,true,245.40.205.35,Female,Ireland,iOS
384,Efren,Crennell,ecrennellan@friendfeed.com,true,159.13.151.222,Male,Portugal,Other
385,Maddie,Westcott,mwestcottao@wsj.com,false,228.6.50.121,Male,Greece,macOS
386,Vernon,Terrelly,vterrellyap@github.com,true,156.171.88.3,Male,Portugal,Linux
387,Yetty,Arnaudet,yarnaudetaq@cdbaby.com,true,7.214.159.6,Female,Greece,Linux
388,Marline,Hallin,mhallinar@pagesperso-orange.fr,false,5.197.131.80,Female,Netherlands,iOS
389,Krystalle,Iliffe,kiliffeas@indiatimes.com,true,145.42.234.165,Female,Slovenia,macOS
390,Hadlee,Heino,hheinoat@dmoz.org,false,23.183.41.102,Male,Norway,iOS
391,Abrahan,Faithfull,afaithfullau@deliciousdays.com,false,109.50.97.109,Male,France,Linux
392,Noemi,Jeanes,njeanesav@berkeley.edu,true,32.121.226.111,Female,France,Android
393,Case,Deaconson,cdeaconsonaw@fotki.com,true,137.0.90.183,Male,Norway,Windows
394,Nevile,Loverock,nloverockax@state.tx.us,false,39.21.184.56,Male,Sweden,Android
395,Vincenz,Duchesne,vduchesneay@smugmug.com,false,168.56.155.181,Male,France,Other
396,Loleta,Barhims,lbarhimsaz@ezinearticles.com,false,172.99.46.96,Female,Sweden,Other
397,Averill,Heardman,aheardmanb0@theatlantic.com,true,170.205.173.12,Male,Greece,Other
398,Ferne,Tamburi,ftamburib1@taobao.com,true,64.3.103.104,Female,France,Other
399,Gian,Arthur,garthurb2@ustream.tv,false,30.222.51.167,Male,Sweden,Linux
400,Haywood,Plumm,hplummb3@mlb.com,false,234.47.32.243,Male,Spain,macOS
401,Pippy,Verny,pvernyb4@yellowpages.com,false,173.166.77.78,Female,Portugal,Android
,Vere,Viney,vvineyb5@so-net.ne.jp,true,254.252.63.83,Female,Sweden,Other
403,Ursala,Hawkins,uhawkinsb6@hc360.com,false,216.40.213.167,Female,Portugal,Other
404,Haskell,Garoghan,hgaroghanb7@ezinearticles.com,false,9.125.14.88,Male,Czech Republic,Windows
405,Shermy,Caldecott,scaldecottb8@sakura.ne.jp,false,178.71.210.116,Male,Sweden,Other
406,Vi,Tocqueville,vtocquevilleb9@indiatimes.com,,7.88.248.189,Female,Portugal,Other
407,Kleon,Yukhnevich,kyukhnevichba@about.com,true,232.186.143.123,Male,France,Other
408,Barde,Bruneau,bbruneaubb@facebook.com,true,75.222.95.234,Male,Portugal,Windows
409,Cary,O'Bradden,cobraddenbc@live.com,false,106.28.188.200,Male,Sweden,Other
410,Kingsley,Holdall,kholdallbd@samsung.com,true,17.127.126.250,Male,Portugal,Android
411,Shelba,Penkman,spenkmanbe@wordpress.org,true,66.125.47.214,Female,France,Android
412,Kassie,Blunderfield,kblunderfieldbf@latimes.com,true,182.199.206.160,Female,Portugal,Android
413,Harley,Brixham,hbrixhambg@linkedin.com,,229.119.167.118,Female,Sweden,macOS
414,Talia,Verbeke,tverbekebh@china.com.cn,false,99.148.100.147,Female,Portugal,Windows
415,Webb,Tyrwhitt,wtyrwhittbi@youku.com,true,185.42.99.254,Male,Portugal,Android
416,Reube,Karleman,rkarlemanbj@miibeian.gov.cn,true,144.64.111.63,Male,Czech Republic,Other
417,Tadd,Maraga,tmaragabk@artisteer.com,false,77.224.206.139,Male,Portugal,Android
418,Gabriele,Abazi,gabazibl@unesco.org,false,133.207.203.94,Male,Portugal,Android
419,Carmella,Fencott,cfencottbm@admin.ch,,137.61.109.38,Female,Czech Republic,Other
420,Glen,Pendell,gpendellbn@freewebs.com,true,130.224.77.164,Male,Portugal,Windows
421,Karisa,McMullen,kmcmullenbo@deviantart.com,false,47.2.32.62,Female,France,Android
422,Bill,Edgerley,bedgerleybp@sakura.ne.jp,false,100.179.57.36,Female,Greece,macOS
423,Kippy,Surcomb,ksurcombbq@unblog.fr,true,200.223.88.220,Female,Czech Republic,macOS
424,Colby,Atthow,,false,87.196.225.74,Male,France,iOS
425,Cassie,Giannazzo,cgiannazzobs@wikipedia.org,false,183.151.136.55,Female,Sweden,Android
426,Ricard,Travis,rtravisbt@skyrock.com,false,150.168.45.153,Male,Ireland,Windows
427,Leyla,Guiraud,lguiraudbu@arizona.edu,false,181.109.85.41,Female,France,iOS
428,Lefty,Eaddy,leaddybv@spiegel.de,true,106.155.58.85,Male,Sweden,Other
429,Chelsy,Bigley,cbigleybw@dropbox.com,false,207.29.185.51,Female,Portugal,Windows
430,Riki,Shellshear,rshellshearbx@springer.com,false,42.21.67.52,Female,Czech Republic,Other
431,Tiena,Manueli,tmanueliby@bizjournals.com,true,149.157.193.197,Female,France,macOS
432,Kori,Saltsberger,ksaltsbergerbz@surveymonkey.com,false,238.26.207.55,Female,Portugal,Linux
,Dorthea,Fewlass,dfewlassc0@altervista.org,true,236.30.36.205,Female,France,Other
434,Faye,Doyle,fdoylec1@acquirethisname.com,false,106.194.111.2,Female,Sweden,Windows
435,Burt,Olliffe,bolliffec2@wp.com,true,184.137.210.254,Male,Sweden,Windows
436,Gothart,Kohrding,gkohrdingc3@sun.com,true,218.231.190.207,Male,Portugal,Linux
437,Alexis,Buss,abussc4@dell.com,false,33.219.128.159,Male,Sweden,Windows
438,Culver,Whitemarsh,cwhitemarshc5@ft.com,true,8.191.158.64,Male,France,iOS
439,Oralle,Allingham,oallinghamc6@china.com.cn,true,116.238.233.225,Female,Italy,iOS
440,Emanuele,Shugg,eshuggc7@globo.com,true,61.122.239.231,Male,Czech Republic,Other
441,Fremont,Wallworke,,false,231.48.111.184,Male,Greece,iOS
442,Dannie,Martine,dmartinec9@twitter.com,false,90.120.23.28,Female,France,Linux
443,Noelani,Siddele,nsiddeleca@wix.com,true,17.150.52.42,Female,Czech Republic,Windows
444,Zebadiah,Thick,zthickcb@yahoo.co.jp,true,27.57.184.92,Male,United Kingdom,iOS
445,Laney,Repp,lreppcc@statcounter.com,true,100.235.244.200,Female,Portugal,Android
446,Magnum,Le Maitre,mlemaitrecd@yahoo.com,true,176.44.156.22,Male,Netherlands,iOS
447,Elva,Yuryaev,eyuryaevce@360.cn,true,54.7.41.226,Female,Czech Republic,Linux
448,Flo,Gurley,fgurleycf@edublogs.org,true,174.75.119.59,Female,France,macOS
449,Carroll,Halpine,,false,28.11.175.149,Female,Portugal,macOS
450,Gloria,Sherrin,gsherrinch@wordpress.com,true,166.69.42.167,Female,Sweden,Other
451,Wells,Oliphant,woliphantci@bravesites.com,false,124.224.185.218,Male,France,iOS
452,Fanchon,Perot,fperotcj@eepurl.com,false,232.232.232.181,Female,France,Other
453,Nickie,Baselio,,false,95.17.177.119,Male,Czech Republic,Android
454,Alvin,Dilawey,adilaweycl@posterous.com,true,91.156.245.155,Male,Czech Republic,Other
455,Iseabal,Verling,iverlingcm@xinhuanet.com,,78.86.201.218,Female,France,Windows
456,Hinze,Catling,hcatlingcn@xrea.com,true,156.113.95.167,Male,Norway,Other
457,Pearl,Deeble,pdeebleco@hexun.com,true,100.20.205.74,Female,Sweden,Android
458,Cecil,Brimblecombe,cbrimblecombecp@blog.com,false,39.28.0.103,Male,Portugal,Android
459,Rossy,Buckler,rbucklercq@networkadvertising.org,true,34.6.161.75,Male,Czech Republic,macOS
460,Hermione,Shevlin,hshevlincr@pbs.org,,172.60.183.116,Female,Hungary,macOS
461,Luciana,Pottage,lpottagecs@umn.edu,true,247.103.219.76,Female,France,Windows
462,Dotti,Gillise,dgillisect@guardian.co.uk,true,40.153.19.230,Female,Sweden,Android
463,Skip,Burle,sburlecu@odnoklassniki.ru,true,141.47.18.45,Male,France,Linux
464,Enrica,Mohring,emohringcv@godaddy.com,true,207.204.25.144,Female,United Kingdom,Windows
465,Zach,Goolden,zgooldencw@over-blog.com,true,215.0.43.104,Male,France,iOS
466,Kim,Hars,kharscx@macromedia.com,false,7.1.172.110,Male,Sweden,Other
467,Fairfax,Pollack,fpollackcy@skyrock.com,false,63.183.55.136,Male,Portugal,Android
468,Glenine,Risely,griselycz@dyndns.org,false,209.169.119.170,Female,France,Windows
469,Kore,Prewett,kprewettd0@disqus.com,false,122.95.151.225,Female,Sweden,macOS
470,Van,Comusso,vcomussod1@privacy.gov.au,false,146.77.50.22,Male,Portugal,iOS
471,Elle,Baldinotti,ebaldinottid2@china.com.cn,true,75.137.50.199,Female,Spain,macOS
472,Brice,Parnham,bparnhamd3@theatlantic.com,true,248.219.34.33,Male,France,Windows
473,Debra,Gherardini,dgherardinid4@intel.com,true,142.34.66.5,Female,Portugal,iOS
474,Davide,Amey,dameyd5@example.com,true,15.113.135.181,Male,Greece,macOS
475,Skippie,O'Mailey,somaileyd6@symantec.com,true,107.114.216.158,Male,Portugal,Other
476,Teodoro,Rebillard,trebillardd7@tinyurl.com,false,65.237.188.170,Male,Portugal,Other
477,Ros,Truder,rtruderd8@discovery.com,true,53.252.41.47,Female,Greece,macOS
478,Syd,Setter,ssetterd9@cnet.com,false,43.164.64.195,Male,Sweden,macOS
479,Kristi,Daud,kdaudda@irs.gov,true,201.219.188.2,Female,France,Other
480,Ginny,Kirwin,gkirwindb@amazonaws.com,true,159.168.239.253,Female,Ireland,Other
481,Dennison,Calvert,dcalvertdc@skype.com,false,159.252.34.50,Male,France,Linux
482,Lyle,Glanders,lglandersdd@zimbio.com,false,98.67.48.50,Male,Spain,Android
483,Sibella,Philippault,sphilippaultde@oakley.com,false,139.56.79.236,Female,France,Other
484,Etheline,Wilton,ewiltondf@newyorker.com,true,254.13.220.248,Female,Portugal,Other
485,Malissia,Jenton,mjentondg@ucla.edu,,188.97.204.189,Female,Czech Republic,Android
486,Harvey,Chastel,hchasteldh@i2i.jp,false,134.155.166.95,Male,Sweden,Other
487,Burt,Duckers,bduckersdi@marketwatch.com,false,86.236.210.32,Male,France,Windows
488,Cristy,Toupe,ctoupedj@t-online.de,false,237.121.215.77,Female,Portugal,Linux
489,Conrade,Tosney,ctosneydk@hibu.com,false,111.98.83.167,Male,Portugal,Windows
490,Joline,Uebel,juebeldl@yahoo.com,,169.92.109.97,Female,Portugal,Android
491,Bernadene,Lanbertoni,blanbertonidm@mit.edu,true,170.9.12.153,Female,France,iOS
492,Keene,Lubbock,klubbockdn@theglobeandmail.com,false,61.155.87.83,Male,Denmark,Other
493,Brinn,Croll,bcrolldo@cnbc.com,false,249.219.141.238,Female,Spain,iOS
494,Arni,Faltin,afaltindp@seesaa.net,false,234.63.19.62,Male,Greece,macOS
495,Lilas,Skarin,lskarindq@seattletimes.com,false,200.72.76.54,Female,Sweden,Windows
496,Honey,Waistall,hwaistalldr@springer.com,true,100.241.86.48,Female,Portugal,macOS
497,Curtis,O'Cullen,cocullends@phpbb.com,false,185.150.124.195,Male,Portugal,Linux
498,Julie,Temporal,jtemporaldt@dailymail.co.uk,true,84.6.106.19,Male,Portugal,Other
499,Linnet,Oldale,loldaledu@people.com.cn,false,179.156.212.139,Female,Czech Republic,iOS
500,Amaleta,Spinke,,false,252.165.64.148,Female,Greece,Windows
501,Joe,Hakes,jhakesdw@nytimes.com,true,210.4.83.139,Male,Germany,iOS
502,Katheryn,Lecointe,klecointedx@booking.com,true,100.139.245.216,Female,France,Windows
503,Brianna,Sumshon,bsumshondy@mapy.cz,true,58.236.240.188,Female,Netherlands,Linux
504,Hyacinthia,Burder,hburderdz@cargocollective.com,true,202.127.48.172,Female,France,iOS
505,Ram,Batte,,true,219.153.151.184,Male,Portugal,Android
506,Ibrahim,Deniseau,ideniseaue1@aboutads.info,false,28.120.112.205,Male,Denmark,Other
507,Keenan,Lycett,klycette2@etsy.com,false,88.86.186.179,Male,Czech Republic,macOS
508,Cornie,Johnke,cjohnkee3@imageshack.us,false,169.204.5.25,Male,United Kingdom,Other
509,Hervey,Ormiston,hormistone4@salon.com,true,128.116.162.201,Male,Sweden,Linux
510,Seward,Perle,sperlee5@pcworld.com,true,195.199.1.100,Male,France,Windows
511,Mycah,Potteridge,mpotteridgee6@ask.com,false,42.213.33.158,Male,Czech Republic,iOS
512,Janeta,Blondelle,jblondellee7@prlog.org,true,217.127.76.97,Female,France,Linux
513,Noel,Van Daalen,nvandaalene8@163.com,true,211.61.101.17,Male,Sweden,Android
514,Purcell,Kelcher,pkelchere9@weibo.com,false,1.38.226.9,Male,Portugal,iOS
515,Gawen,Brodest,gbrodestea@engadget.com,true,17.215.167.8,Male,Sweden,macOS
516,Austin,Moller,amollereb@w3.org,true,105.59.255.130,Male,Sweden,Windows
517,Franchot,Kayley,,true,40.113.92.81,Male,Sweden,Windows
518,Rafferty,Laver,rlavered@weebly.com,false,106.158.114.225,Male,France,Android
519,Ronica,Crallan,rcrallanee@rediff.com,true,255.146.177.37,Female,France,Android
520,Abey,Roof,aroofef@hexun.com,true,81.154.205.18,Male,Belgium,macOS
521,Ferguson,Guerry,fguerryeg@sbwire.com,false,104.62.161.183,Male,Norway,iOS
522,Amalee,Rumney,arumneyeh@creativecommons.org,false,170.145.4.191,Female,Netherlands,Linux
523,Angelita,Charville,acharvilleei@aboutads.info,true,73.165.213.246,Female,Ireland,Android
,Aubrey,Frowen,afrowenej@ibm.com,,219.174.229.208,Female,Netherlands,Windows
525,Francis,Tocque,ftocqueek@abc.net.au,,121.162.100.17,Male,Portugal,iOS
526,Nat,Parish,nparishel@psu.edu,false,36.233.197.42,Female,France,Windows
527,Orelee,Emig,oemigem@purevolume.com,false,184.107.84.18,Female,Greece,macOS
528,Logan,Chasteney,lchasteneyen@go.com,true,31.208.152.94,Male,Sweden,Linux
529,Quint,Berndsen,qberndseneo@freewebs.com,false,11.124.95.102,Male,Greece,Other
530,Georgette,Edworthye,gedworthyeep@google.nl,false,224.19.143.32,Female,Portugal,macOS
531,Kathryn,Gravells,kgravellseq@simplemachines.org,true,222.206.90.184,Female,Greece,Windows
532,Akim,Moakes,amoakeser@bing.com,,152.185.187.154,Male,France,Android
533,Evey,Macquire,emacquirees@linkedin.com,false,74.170.113.244,Female,Sweden,Linux
534,Meir,Bannester,mbannesteret@ucoz.ru,true,36.158.146.22,Male,France,Other
535,Nanine,Bakeup,nbakeupeu@state.gov,true,250.208.61.38,Female,Sweden,Android
536,Andre,Gypson,agypsonev@drupal.org,true,24.129.6.190,Male,Hungary,Linux
537,Nathalie,Dillinger,ndillingerew@ca.gov,false,183.220.201.183,Female,Germany,iOS
538,Jeannie,Guilford,jguilfordex@geocities.jp,false,10.191.138.188,Female,Sweden,Other
,Hiram,Trengrouse,htrengrouseey@wsj.com,false,91.118.192.102,Male,United Kingdom,Android
540,Donnie,Klimentyonok,dklimentyonokez@deliciousdays.com,false,105.134.184.71,Male,Portugal,Linux
541,Noelle,Kelson,nkelsonf0@auda.org.au,true,121.106.32.240,Female,Czech Republic,Android
542,Theadora,Secret,tsecretf1@ft.com,true,34.249.64.137,Female,Norway,Windows
543,Rosabella,Ianetti,rianettif2@home.pl,false,238.13.199.249,Female,Norway,Other
544,Ragnar,Blurton,rblurtonf3@msn.com,true,136.100.24.171,Male,Portugal,Other
545,Ophelia,Corstorphine,ocorstorphinef4@vk.com,false,196.220.232.3,Female,France,Linux
546,Issy,Coghlan,icoghlanf5@umich.edu,true,135.184.84.238,Female,Czech Republic,iOS
547,Felecia,Merton,fmertonf6@buzzfeed.com,false,101.84.200.67,Female,Sweden,macOS
548,Cobb,Cracknall,ccracknallf7@economist.com,false,99.106.65.162,Male,Sweden,Windows
549,Roxana,Pedrocchi,rpedrocchif8@about.com,,255.35.232.245,Female,Slovenia,Android
550,Malanie,Churm,mchurmf9@timesonline.co.uk,true,89.154.50.210,Female,Greece,iOS
551,Loy,Redfearn,lredfearnfa@bbb.org,false,41.212.113.148,Male,France,Other
552,Idelle,Macbeth,imacbethfb@uiuc.edu,true,181.224.115.156,Female,Portugal,macOS
553,Donnamarie,Adamowitz,dadamowitzfc@adobe.com,false,62.60.234.212,Female,Ireland,iOS
554,Claretta,Gresch,cgreschfd@wisc.edu,true,205.0.192.181,Female,Czech Republic,iOS
555,Elbert,Byrd,ebyrdfe@sfgate.com,true,253.188.9.244,Male,Portugal,macOS
556,Valene,Santorini,vsantoriniff@bravesites.com,false,230.34.235.243,Female,Portugal,macOS
557,Annabal,Pill,apillfg@java.com,false,128.41.241.93,Female,Portugal,Other
558,Ewan,Holmyard,eholmyardfh@cocolog-nifty.com,true,115.149.152.6,Male,France,Android
559,Wilhelm,Winspeare,wwinspearefi@youtu.be,false,82.224.199.93,Male,Portugal,Android
560,Davin,O'Malley,domalleyfj@guardian.co.uk,false,101.102.217.106,Male,Norway,Windows
561,Hy,Colly,hcollyfk@yandex.ru,true,86.149.201.175,Male,Sweden,macOS
562,Oralle,Hewkin,ohewkinfl@wordpress.com,false,91.140.135.109,Female,Portugal,Linux
,Gabriell,Aspray,gasprayfm@foxnews.com,false,107.50.86.116,Female,France,Linux
564,Olenolin,Babington,obabingtonfn@webeden.co.uk,false,141.254.171.185,Male,Sweden,iOS
565,Roderick,Chapiro,rchapirofo@theguardian.com,,32.83.166.14,Male,Czech Republic,Other
566,Isidor,Sloam,isloamfp@barnesandnoble.com,true,181.210.117.59,Male,Sweden,Other
567,Jocko,Hintzer,jhintzerfq@soup.io,false,232.160.200.253,Male,Portugal,Android
568,Sherman,Burriss,sburrissfr@ted.com,true,125.158.116.153,Male,Sweden,Android
569,Peyton,Elcoate,pelcoatefs@hibu.com,false,114.202.212.158,Male,France,Linux
570,Fons,Varfalameev,fvarfalameevft@macromedia.com,false,145.121.124.211,Male,France,Linux
571,Elnora,Danielou,edanieloufu@sitemeter.com,true,170.218.207.249,Female,Portugal,iOS
572,Dalston,Easom,deasomfv@virginia.edu,true,176.17.90.92,Male,Ireland,Other
573,Ardith,Shermar,ashermarfw@ezinearticles.com,false,210.90.114.194,Female,Portugal,Android
574,Jenny,Scholcroft,jscholcroftfx@statcounter.com,false,48.21.223.42,Female,Portugal,Windows
575,Mohammed,Juszczak,mjuszczakfy@wikipedia.org,true,11.202.40.206,Male,Greece,iOS
576,Constantin,Rickardsson,crickardssonfz@bloomberg.com,true,222.209.17.129,Male,Sweden,macOS
577,Mommy,Frunks,mfrunksg0@ft.com,true,148.34.195.172,Female,France,macOS
578,Cornie,Naisby,cnaisbyg1@mlb.com,false,18.73.178.15,Female,France,iOS
579,Lorant,Stott,lstottg2@mit.edu,false,255.23.206.100,Male,Portugal,Other
580,Zorah,Swanborough,zswanboroughg3@prnewswire.com,false,143.170.253.123,Female,Portugal,Other
581,Sheelagh,Shmyr,sshmyrg4@xing.com,false,172.108.167.157,Female,Czech Republic,Android
582,Kristin,Laudham,klaudhamg5@is.gd,,199.114.66.181,Female,France,Linux
583,Alison,Kerford,akerfordg6@ftc.gov,false,48.249.224.136,Female,Portugal,Windows
584,Ambrosius,Gilberthorpe,agilberthorpeg7@cdbaby.com,true,10.195.58.255,Male,Greece,Windows
585,Gearard,O'Doohaine,godoohaineg8@nasa.gov,false,90.86.114.123,Male,France,macOS
586,Meryl,Boulde,mbouldeg9@fda.gov,false,142.227.88.14,Male,Slovenia,iOS
587,Wilhelmine,Laudham,wlaudhamga@bbb.org,false,246.164.84.17,Female,Ireland,iOS
588,Sidnee,Lang,slanggb@shareasale.com,false,2.77.193.51,Male,Sweden,Other
589,Bari,Stedell,bstedellgc@hao123.com,false,237.248.72.88,Female,Greece,Other
590,Ches,Harby,charbygd@cpanel.net,true,16.199.81.241,Male,Slovenia,iOS
591,Khalil,Hadye,,true,198.112.6.248,Male,France,Windows
592,Lonnie,Munks,lmunksgf@usa.gov,false,179.15.137.253,Female,France,Other
593,Nicko,Waren,nwarengg@51.la,true,243.142.58.21,Male,Spain,macOS
594,Brianna,McKain,bmckaingh@hugedomains.com,true,218.111.224.58,Female,Greece,Linux
595,Waylin,Guidoni,,false,147.214.96.112,Male,Portugal,Other
596,Bobby,Evill,bevillgj@slideshare.net,false,168.233.121.107,Male,Portugal,Linux
597,Armin,Broz,abrozgk@ocn.ne.jp,,116.21.42.92,Male,Portugal,Windows
598,Timofei,Spittles,tspittlesgl@creativecommons.org,false,8.123.194.38,Male,Norway,Linux
599,Jules,Crowden,jcrowdengm@apple.com,false,130.60.30.67,Male,Portugal,Linux
,Nappie,Mordy,nmordygn@hexun.com,true,88.217.181.83,Male,Portugal,Other
601,Bryn,Thurlbeck,bthurlbeckgo@imageshack.us,false,99.140.0.145,Male,Sweden,macOS
602,Etheline,Capelow,ecapelowgp@ibm.com,true,39.98.250.124,Female,France,Windows
603,Inez,Flatley,iflatleygq@webmd.com,true,16.135.227.211,Female,Czech Republic,Other
604,Genovera,Vedenyapin,gvedenyapingr@webnode.com,true,184.245.171.229,Female,Sweden,Windows
605,Lewiss,Morrilly,lmorrillygs@bloglovin.com,false,180.16.127.214,Male,Portugal,Windows
606,Hulda,Hayth,hhaythgt@godaddy.com,,96.233.138.174,Female,Portugal,iOS
607,Chandal,Clift,ccliftgu@163.com,false,29.35.214.61,Female,Portugal,Windows
608,Galen,Corkel,gcorkelgv@istockphoto.com,true,108.2.77.98,Male,Greece,iOS
609,Crichton,Slemmonds,,true,53.88.78.170,Male,Switzerland,Linux
610,Josiah,McDougle,jmcdouglegx@nyu.edu,true,117.160.131.154,Male,Portugal,Linux
611,Shem,Skin,sskingy@pen.io,false,207.244.237.182,Male,Portugal,iOS
612,Ardra,Moncey,amonceygz@paginegialle.it,false,152.188.136.195,Female,Norway,Windows
613,Kev,Bosch,,true,240.63.93.34,Male,Portugal,macOS
614,Wit,Minthorpe,wminthorpeh1@rakuten.co.jp,false,153.141.214.133,Male,Greece,Windows
615,Ashely,Chateau,achateauh2@va.gov,false,113.168.225.177,Female,Greece,Other
616,Kerr,Hansard,khansardh3@hibu.com,false,4.20.113.83,Male,Portugal,Windows
617,Quinn,Coram,,false,124.53.104.22,Male,Portugal,Android
618,Alvira,Dechelette,,true,227.69.46.242,Female,Sweden,Android
619,Idalia,Ritchley,iritchleyh6@constantcontact.com,false,188.21.247.240,Female,Sweden,Other
620,Augy,Cowsby,acowsbyh7@census.gov,true,141.79.191.169,Male,France,Linux
621,Audra,Tugwell,atugwellh8@moonfruit.com,false,181.105.143.35,Female,Norway,Android
622,Deidre,Anfossi,danfossih9@paypal.com,false,48.104.90.75,Female,Ireland,macOS
623,Marius,Tomankiewicz,mtomankiewiczha@who.int,true,16.197.108.139,Male,Portugal,Windows
624,Ag,Trevaskus,atrevaskushb@accuweather.com,true,229.126.191.69,Female,Denmark,Other
625,Rey,Emmanuele,remmanuelehc@odnoklassniki.ru,true,234.187.132.28,Female,Czech Republic,Windows
626,Charlton,Slator,cslatorhd@google.ca,,82.20.12.225,Male,Greece,Other
627,Bennie,Hagerty,bhagertyhe@wikispaces.com,true,230.102.165.19,Female,Sweden,Other
628,Brande,Sheer,bsheerhf@earthlink.net,false,133.207.7.61,Female,Portugal,Linux
629,Doria,Hurkett,,false,184.60.161.59,Female,France,Android
630,Jephthah,Rickman,jrickmanhh@geocities.jp,true,204.86.229.252,Male,France,iOS
631,Sampson,Messham,smesshamhi@barnesandnoble.com,true,63.80.140.101,Male,Portugal,Windows
632,Barth,Scraney,bscraneyhj@disqus.com,true,212.185.16.161,Male,United Kingdom,Android
633,Candis,Djekovic,cdjekovichk@eventbrite.com,false,62.165.183.52,Female,Ireland,Other
634,Mandi,Alvarado,malvaradohl@amazon.co.jp,true,250.223.230.26,Female,Portugal,macOS
635,Iorgos,Peschke,,false,101.243.179.101,Male,Greece,Android
636,Conroy,Hames,chameshn@hostgator.com,true,202.147.166.172,Male,France,Android
637,Audry,Meaden,ameadenho@amazon.co.jp,true,96.237.47.130,Female,Portugal,Other
638,Erinna,Philpot,ephilpothp@storify.com,false,201.64.10.199,Female,Greece,Android
639,Maury,Trask,mtraskhq@mail.ru,false,134.132.12.130,Male,Portugal,iOS
640,Chelsie,Walicki,cwalickihr@blog.com,true,196.153.187.17,Female,Portugal,iOS
,Ibbie,Sheeres,isheereshs@free.fr,false,217.76.86.114,Female,Sweden,Linux
642,Jeramie,Simonutti,jsimonuttiht@merriam-webster.com,false,253.19.1.77,Male,Portugal,Android
643,Vernen,Simons,vsimonshu@mediafire.com,false,55.111.84.54,Male,Czech Republic,macOS
644,Lynnett,Mooney,lmooneyhv@tamu.edu,true,133.205.19.209,Female,France,Other
645,Fremont,Van Schafflaer,fvanschafflaerhw@irs.gov,true,132.129.227.221,Male,Sweden,Android
646,Candida,Taylerson,ctaylersonhx@networkadvertising.org,false,61.90.63.86,Female,France,Linux
647,Nicoline,Ary,naryhy@yellowbook.com,false,165.54.95.195,Female,Czech Republic,Other
,Janaye,Glison,jglisonhz@wsj.com,false,199.143.196.136,Female,Ireland,Linux
649,Paula,Lympenie,plympeniei0@indiegogo.com,false,239.250.16.142,Female,Portugal,Windows
650,Vaughn,Wason,vwasoni1@hatena.ne.jp,false,227.83.23.157,Male,Greece,Other
651,Enos,Cluatt,ecluatti2@psu.edu,false,194.239.9.34,Male,Sweden,macOS
652,Kattie,Brydon,kbrydoni3@ifeng.com,true,228.95.226.68,Female,Sweden,Linux
653,Paquito,Grishunin,pgrishunini4@cdc.gov,false,69.163.61.209,Male,Sweden,Linux
654,Carol-jean,Button,cbuttoni5@themeforest.net,true,233.183.108.37,Female,Sweden,iOS
655,Elianore,Crowdson,ecrowdsoni6@yandex.ru,true,108.129.86.114,Female,France,iOS
656,Eldredge,Kerrane,ekerranei7@cnn.com,false,245.247.41.7,Male,Hungary,iOS
657,Gabe,Grivori,ggrivorii8@networksolutions.com,true,236.238.34.239,Male,Portugal,Other
658,Kylen,Whitty,kwhittyi9@hexun.com,true,200.95.122.167,Female,France,Linux
659,Liana,Baud,lbaudia@wikia.com,false,193.37.86.64,Female,Czech Republic,Android
660,Hy,Edensor,hedensorib@va.gov,true,104.209.127.202,Male,Netherlands,macOS
661,Gib,Harburtson,gharburtsonic@dailymotion.com,true,220.1.80.157,Male,Portugal,Linux
662,Joane,Biasi,jbiasiid@ca.gov,true,161.108.132.84,Female,Czech Republic,Linux
663,Quent,Riste,qristeie@techcrunch.com,true,71.105.105.199,Male,Sweden,iOS
664,Tomkin,Bellsham,tbellshamif@umn.edu,false,240.118.107.122,Male,Germany,Linux
,Carlee,Labrom,clabromig@goo.gl,true,104.77.153.154,Female,Sweden,Linux
666,Alla,Jelkes,ajelkesih@csmonitor.com,true,137.105.83.186,Female,Greece,Linux
667,Erroll,Levee,eleveeii@fastcompany.com,false,175.155.88.164,Male,Sweden,Android
668,Fair,Robarts,frobartsij@csmonitor.com,false,5.154.211.107,Male,Portugal,Linux
669,Cody,Ovett,covettik@theguardian.com,false,190.79.40.150,Female,Sweden,iOS
670,Cicily,Van Leijs,cvanleijsil@jigsy.com,,158.238.67.72,Female,Czech Republic,Linux
671,Felicia,Brandt,fbrandtim@intel.com,true,55.124.40.94,Female,Portugal,Windows
672,Cyrillus,Vanelli,cvanelliin@csmonitor.com,true,172.120.109.171,Male,Portugal,Linux
673,Fernande,Valenti,fvalentiio@ucoz.com,true,191.39.146.66,Female,Italy,Other
674,Yorker,Venour,yvenourip@arstechnica.com,false,140.130.78.70,Male,Norway,macOS
675,Sayer,Coste,,,230.119.72.133,Male,France,macOS
676,Gabbi,Brothers,gbrothersir@dion.ne.jp,false,192.29.80.77,Female,Portugal,Other
677,Tess,Playle,,false,37.198.97.226,Female,Portugal,macOS
678,Aldric,Orro,aorroit@tripadvisor.com,false,241.51.206.163,Male,Sweden,macOS
679,Grover,Wheelan,gwheelaniu@huffingtonpost.com,true,123.51.52.135,Male,Slovenia,macOS
680,Elijah,Staries,estariesiv@photobucket.com,false,147.248.210.252,Male,France,Linux
681,Anetta,Tointon,atointoniw@artisteer.com,true,189.66.176.243,Female,Portugal,Linux
682,Itch,Erangy,ierangyix@time.com,true,211.105.69.105,Male,Portugal,Other
,Chelsey,Leatherbarrow,cleatherbarrowiy@purevolume.com,false,250.235.111.93,Female,France,Other
684,Elvina,Bramhall,ebramhalliz@tamu.edu,false,52.200.8.172,Female,Sweden,Android
685,Lothaire,Tomini,ltominij0@harvard.edu,true,154.109.70.207,Male,France,Linux
686,Lexis,Glazer,lglazerj1@histats.com,false,209.159.55.131,Female,Sweden,Other
687,Darell,FitzGilbert,dfitzgilbertj2@irs.gov,true,241.82.36.25,Female,Portugal,Other
688,Candi,O'Kinneally,cokinneallyj3@theglobeandmail.com,true,188.224.25.63,Female,France,Linux
689,Timotheus,Pragnell,tpragnellj4@newyorker.com,true,128.109.131.61,Male,Portugal,Android
690,Leonard,Pattlel,lpattlelj5@example.com,false,82.194.190.175,Male,Greece,Android
691,Annmaria,Whittles,awhittlesj6@xrea.com,true,227.195.184.28,Female,Sweden,macOS
692,Fritz,Dybell,fdybellj7@ehow.com,false,14.6.151.134,Male,Portugal,Linux
693,Myer,Rhoades,mrhoadesj8@drupal.org,true,177.149.26.246,Male,Portugal,Other
694,Addi,Fifoot,afifootj9@nature.com,false,55.9.228.12,Female,Portugal,Other
695,Bernie,Iacovazzi,biacovazzija@china.com.cn,false,69.110.55.25,Female,Netherlands,Other
696,Kippie,Lemerle,klemerlejb@reuters.com,false,236.139.76.74,Female,Sweden,Android
697,Jamey,Sybbe,jsybbejc@symantec.com,false,142.86.157.27,Male,Hungary,macOS
698,Milton,Clandillon,mclandillonjd@un.org,,35.12.144.176,Male,Sweden,Linux
699,Eba,Bourrel,ebourrelje@businessweek.com,true,84.205.173.40,Female,Portugal,Windows
700,Gradey,Truckett,gtruckettjf@nytimes.com,false,66.155.182.9,Male,Portugal,Android
701,Lil,Cowx,lcowxjg@cyberchimps.com,false,247.6.217.14,Female,Sweden,Other
702,Jobie,Innocent,jinnocentjh@desdev.cn,true,162.228.60.199,Female,Sweden,Linux
703,Curran,Mechell,cmechellji@merriam-webster.com,false,65.73.204.150,Male,Norway,iOS
704,Jenica,Norvell,jnorvelljj@ftc.gov,false,73.52.233.65,Female,Portugal,Windows
705,Jordon,Aynold,jaynoldjk@bloglines.com,true,133.76.199.25,Male,Czech Republic,Windows
706,Elisha,Ellard,eellardjl@sciencedirect.com,true,84.242.183.232,Male,Portugal,macOS
707,Hilde,Pesik,hpesikjm@pen.io,true,19.155.192.160,Female,France,Windows
708,Pietro,Bevir,pbevirjn@twitpic.com,false,162.198.103.34,Male,Ireland,iOS
709,Eolanda,Moran,emoranjo@google.es,true,240.15.218.116,Female,France,Linux
710,Agnesse,Bilsford,abilsfordjp@addtoany.com,true,10.0.246.125,Female,Spain,Linux
711,Alano,Pipes,apipesjq@foxnews.com,false,184.90.115.109,Male,Portugal,macOS
712,Madelle,Ogley,mogleyjr@youtu.be,true,18.116.63.239,Female,Greece,macOS
713,Edmund,Mullender,emullenderjs@acquirethisname.com,true,219.226.116.141,Male,Ireland,Linux
714,Arnuad,Ketcher,aketcherjt@163.com,true,180.50.194.133,Male,Portugal,Other
715,Lewes,Liccardo,lliccardoju@omniture.com,true,56.72.228.225,Male,Greece,Windows
716,Kizzee,Storek,kstorekjv@sbwire.com,true,131.242.118.22,Female,Czech Republic,macOS
717,Ettie,Jose,ejosejw@answers.com,false,139.36.125.45,Female,France,Android
718,Jackson,Cowden,jcowdenjx@toplist.cz,false,186.108.26.49,Male,Sweden,Other
719,Maurizio,Meany,mmeanyjy@fema.gov,false,37.15.98.90,Male,Sweden,Android
720,Andras,Medeway,amedewayjz@1688.com,false,255.225.30.133,Male,Portugal,Linux
721,Nikos,Menhenitt,nmenhenittk0@networksolutions.com,false,3.116.18.55,Male,Spain,Android
722,Therine,Shoubridge,tshoubridgek1@jugem.jp,false,84.212.19.139,Female,Czech Republic,Other
723,Glory,Ateridge,gateridgek2@trellian.com,true,125.93.62.21,Female,France,Other
724,Alonzo,Hintze,ahintzek3@wp.com,false,103.31.119.228,Male,France,Linux
725,Alic,Highman,ahighmank4@fastcompany.com,false,248.197.217.197,Male,France,Windows
726,Ricardo,Semarke,rsemarkek5@disqus.com,false,160.15.204.184,Male,Czech Republic,Other
727,Galen,Decreuze,gdecreuzek6@pen.io,true,114.144.215.28,Male,Czech Republic,Android
728,Ramsay,Baillie,rbailliek7@cafepress.com,true,11.155.205.23,Male,France,macOS
729,Archer,Chaloner,achalonerk8@sogou.com,false,98.120.191.160,Male,Czech Republic,iOS
730,Maximilian,Boddam,mboddamk9@theglobeandmail.com,false,27.205.35.252,Male,Sweden,macOS
731,Evelina,O'Crigan,eocriganka@hibu.com,true,85.43.88.203,Female,France,Other
732,Adah,O'Doghesty,aodoghestykb@cloudflare.com,true,40.57.45.6,Female,Portugal,Linux
733,Field,Tanser,ftanserkc@clickbank.net,false,133.38.196.156,Male,Portugal,Other
734,Billi,Holligan,bholligankd@psu.edu,true,81.227.198.45,Female,Ireland,iOS
735,Parnell,Chritchley,pchritchleyke@ameblo.jp,true,203.217.176.116,Male,Portugal,Other
736,Hebert,Ramelet,hrameletkf@sciencedaily.com,true,219.151.170.250,Male,Czech Republic,Windows
737,Georgie,Vell,gvellkg@taobao.com,true,164.192.160.9,Male,France,Windows
738,Jemima,Dyet,jdyetkh@shinystat.com,false,34.106.83.86,Female,Greece,macOS
739,Basil,Canet,bcanetki@oakley.com,true,160.203.139.69,Male,Slovenia,Android
740,Phillie,Stodhart,pstodhartkj@skyrock.com,true,129.22.143.125,Female,Czech Republic,Linux
741,Vaughan,Bus,vbuskk@fema.gov,false,167.5.209.58,Male,Slovenia,Linux
742,Susie,Hatterslay,shatterslaykl@japanpost.jp,true,108.224.89.21,Female,Portugal,Android
743,Jacques,Fishly,jfishlykm@bloomberg.com,true,201.223.159.196,Male,Portugal,iOS
744,Angel,Deniseau,,false,124.83.182.143,Male,Portugal,Other
745,Gael,Eggerton,geggertonko@google.es,true,126.38.163.59,Male,France,Windows
746,Graham,Leopard,gleopardkp@nih.gov,true,27.178.25.83,Male,Hungary,Android
747,Thurstan,Duffit,tduffitkq@marketwatch.com,false,206.4.137.73,Male,France,macOS
748,Engracia,McCauley,emccauleykr@slashdot.org,false,134.196.227.165,Female,Portugal,Windows
749,Virge,Sprade,vspradeks@jugem.jp,false,89.227.132.115,Male,Portugal,Android
750,Reynold,Constant,rconstantkt@cbslocal.com,true,232.253.203.246,Male,Portugal,Linux
751,Zorah,Nugent,znugentku@discovery.com,false,218.31.103.36,Female,France,macOS
752,Arabela,Ginner,aginnerkv@example.com,false,63.40.216.229,Female,France,iOS
753,Emlyn,Newling,enewlingkw@plala.or.jp,false,116.58.139.120,Female,Sweden,iOS
754,Kurtis,Dunne,kdunnekx@sphinn.com,true,30.99.112.65,Male,Sweden,Android
755,Winifield,Ashelford,washelfordky@vinaora.com,true,90.110.169.226,Male,Sweden,Other
756,Rasla,Marlin,rmarlinkz@un.org,false,165.41.122.245,Female,Portugal,Windows
757,Sashenka,Ingolotti,singolottil0@behance.net,true,138.101.146.82,Female,Portugal,Linux
758,Lizabeth,Alabone,lalabonel1@un.org,false,132.6.110.193,Female,Norway,Windows
759,Serge,Heal,sheall2@trellian.com,true,148.59.16.211,Male,Ireland,iOS
760,Cecilia,MacGiolla,cmacgiollal3@weibo.com,false,147.212.143.19,Female,Czech Republic,Linux
761,Briant,Warham,bwarhaml4@cdbaby.com,false,137.13.206.86,Male,Sweden,macOS
762,Panchito,Peabody,ppeabodyl5@scribd.com,false,70.255.235.109,Male,Sweden,iOS
763,Bob,McCurry,bmccurryl6@example.com,true,219.141.68.93,Male,Czech Republic,Other
764,Pollyanna,Dowgill,pdowgilll7@tripod.com,true,231.53.167.213,Female,Czech Republic,Windows
765,Janene,Ackland,jacklandl8@marriott.com,false,15.4.138.224,Female,Portugal,Linux
766,Vanya,Blackshaw,vblackshawl9@globo.com,true,193.30.28.62,Male,Greece,Linux
767,Karon,Alvaro,kalvarola@tiny.cc,false,220.100.139.64,Female,Sweden,Android
768,Jerrome,Aggs,jaggslb@army.mil,true,169.223.136.18,Male,France,macOS
769,Persis,Angelini,pangelinilc@prlog.org,false,193.50.254.48,Female,Sweden,Android
770,Audy,Kalderon,,true,17.210.208.193,Female,Sweden,iOS
771,Lorry,Quinlan,lquinlanle@mozilla.com,false,50.243.150.51,Male,Portugal,Android
772,Rosita,Ioannidis,rioannidislf@marriott.com,true,56.107.33.221,Female,Sweden,Other
773,Blinnie,Reames,breameslg@4shared.com,,82.163.119.71,Female,Sweden,Other
774,Ethelin,Weddup,ewedduplh@examiner.com,false,156.88.1.136,Female,Sweden,Android
775,Clari,Diglin,cdiglinli@ucoz.ru,false,215.152.101.124,Female,Greece,Other
776,Curry,Free,cfreelj@vk.com,true,31.252.250.197,Male,Spain,macOS
777,Mario,Tomsen,,true,24.103.223.64,Male,Sweden,Android
778,Jerrine,Stebbings,jstebbingsll@huffingtonpost.com,true,14.105.204.235,Female,Slovenia,Linux
779,Creigh,Matevosian,cmatevosianlm@vistaprint.com,true,234.18.53.248,Male,Portugal,iOS
780,Herminia,Filipychev,hfilipychevln@ask.com,false,233.145.115.6,Female,Norway,macOS
781,Byram,De Few,,false,114.244.87.31,Male,Portugal,iOS
782,Horatio,Van Hesteren,hvanhesterenlp@fotki.com,true,129.74.174.7,Male,Ireland,Windows
783,Rey,Leggate,rleggatelq@columbia.edu,true,81.130.94.108,Male,Sweden,macOS
784,Ransell,Mottershead,,true,130.134.91.124,Male,Portugal,iOS
785,Octavius,Kacheler,okachelerls@exblog.jp,false,155.21.122.33,Male,France,Linux
786,Prentiss,Vanyashin,pvanyashinlt@toplist.cz,true,218.181.100.214,Male,Portugal,Linux
787,Jaime,Yurocjkin,jyurocjkinlu@g.co,false,189.195.65.157,Male,Sweden,Android
788,Rutherford,Barff,rbarfflv@trellian.com,true,145.5.110.26,Male,France,Android
789,Easter,Jeremaes,ejeremaeslw@nyu.edu,true,118.57.117.241,Female,Portugal,Android
790,Harmon,Banville,hbanvillelx@mit.edu,true,216.30.124.211,Male,Germany,Android
791,Sinclair,Elcombe,selcombely@storify.com,true,207.1.66.204,Male,France,iOS
792,Trstram,Endrici,tendricilz@com.com,false,81.79.108.254,Male,France,Android
793,Allyn,Matches,amatchesm0@xing.com,false,35.98.67.136,Male,Sweden,Other
794,Pammy,Benet,pbenetm1@ca.gov,true,111.196.169.77,Female,Portugal,Android
795,Hildy,Burgiss,hburgissm2@scientificamerican.com,false,106.6.44.211,Female,United Kingdom,Other
796,Sadie,Crosetto,scrosettom3@istockphoto.com,true,65.129.214.190,Female,United Kingdom,Other
797,Corny,Tivnan,ctivnanm4@tumblr.com,false,110.235.136.243,Male,Sweden,Android
798,Adora,Baglow,abaglowm5@constantcontact.com,true,65.243.110.233,Female,Portugal,macOS
799,Delila,Nichol,dnicholm6@yellowbook.com,true,228.87.154.166,Female,France,Other
800,Alena,Solano,asolanom7@tinypic.com,false,100.246.41.90,Female,Germany,iOS
801,Pierre,Sloyan,psloyanm8@tuttocitta.it,true,43.70.195.30,Male,Portugal,Other
802,Faber,Cabedo,fcabedom9@mit.edu,false,5.42.14.134,Male,Norway,macOS
803,Felipe,Castello,fcastelloma@deviantart.com,true,16.203.48.125,Male,France,Windows
804,Lucien,Ormshaw,lormshawmb@amazon.com,true,222.147.185.80,Male,Portugal,Android
805,Vladimir,Beatey,vbeateymc@sogou.com,true,145.105.90.8,Male,Portugal,macOS
806,Genia,Holme,gholmemd@vkontakte.ru,true,121.177.145.28,Female,Ireland,macOS
807,Nikoletta,Roycraft,nroycraftme@plala.or.jp,false,176.254.132.142,Female,France,Android
808,Brittne,Keenlyside,bkeenlysidemf@netlog.com,true,17.118.133.106,Female,Portugal,macOS
809,Stirling,Galle,sgallemg@blogger.com,false,23.59.99.220,Male,Greece,macOS
810,Hersh,Wingrove,hwingrovemh@epa.gov,true,201.217.223.22,Male,Germany,Android
,Bobina,Van der Merwe,bvandermerwemi@ucla.edu,true,184.101.187.49,Female,Portugal,Windows
812,Latia,Bewly,lbewlymj@livejournal.com,true,222.73.237.82,Female,Spain,Windows
813,Basia,Reside,bresidemk@si.edu,true,220.159.104.177,Female,Norway,Linux
814,Duff,Tuftin,dtuftinml@fotki.com,false,37.150.137.159,Male,France,Android
815,Melloney,Moar,mmoarmm@washington.edu,false,166.119.2.17,Female,Greece,macOS
816,Burt,Patriche,bpatrichemn@about.me,false,97.93.39.5,Male,Portugal,macOS
817,Harriet,Fenkel,hfenkelmo@miitbeian.gov.cn,true,59.196.134.18,Female,Greece,macOS
818,Simonne,Gothrup,sgothrupmp@chron.com,,111.84.86.185,Female,United Kingdom,iOS
819,Gilemette,Enrietto,genriettomq@tripod.com,,121.83.206.249,Female,Portugal,Android
820,Guthry,Serginson,gserginsonmr@intel.com,true,205.202.103.99,Male,Sweden,macOS
821,Bernhard,Mudge,bmudgems@de.vu,false,10.101.100.34,Male,Portugal,iOS
822,Jacqueline,McAnulty,jmcanultymt@pcworld.com,true,80.83.231.221,Female,France,Windows
823,Ric,Ladbury,rladburymu@mac.com,,120.231.14.184,Male,Portugal,iOS
824,Kath,Saines,ksainesmv@nih.gov,true,38.76.231.153,Female,Greece,Linux
825,Arlee,Kowalik,akowalikmw@woothemes.com,false,89.178.22.138,Female,Netherlands,Windows
826,Margaretha,Coultous,mcoultousmx@google.com.hk,true,12.196.184.62,Female,Czech Republic,iOS
827,Wilmar,Ruddiman,wruddimanmy@moonfruit.com,true,207.102.168.239,Male,Portugal,Windows
828,Haywood,McKyrrelly,hmckyrrellymz@facebook.com,true,239.250.2.26,Male,Portugal,Linux
829,Giffer,Alessandrini,galessandrinin0@businessinsider.com,true,136.100.234.141,Male,Norway,iOS
830,Findley,Seagrove,fseagroven1@github.com,true,144.91.167.106,Male,Portugal,iOS
831,Zachary,Seifert,,true,37.218.72.64,Male,France,Linux
832,Renado,Dowding,rdowdingn3@reddit.com,true,97.107.62.3,Male,France,iOS
833,Daniella,Bulter,dbultern4@salon.com,true,196.227.6.98,Female,France,Android
834,Darbee,Hellin,dhellinn5@hexun.com,false,70.203.81.92,Male,France,Linux
835,Myrtia,Naptin,mnaptinn6@google.es,true,115.39.35.117,Female,Czech Republic,Android
836,Raynard,Wiffield,,false,229.114.85.17,Male,Sweden,Linux
837,Kristian,Reskelly,kreskellyn8@tinypic.com,,101.90.135.185,Male,Portugal,Android
838,Archie,Wellbank,awellbankn9@newyorker.com,true,62.26.194.192,Male,Portugal,iOS
839,Jesse,Byrne,jbyrnena@sbwire.com,false,233.198.159.215,Male,Czech Republic,Windows
840,Karmen,Roslen,kroslennb@google.fr,true,218.112.218.166,Female,France,Other
841,Lydon,Ascough,lascoughnc@webeden.co.uk,false,161.185.49.234,Male,Portugal,macOS
842,Rudd,Piegrome,rpiegromend@nyu.edu,false,64.101.171.186,Male,Spain,Other
843,Coleen,Newart,cnewartne@ed.gov,false,92.69.127.70,Female,France,Linux
844,Sue,Monaghan,smonaghannf@soup.io,true,184.235.150.255,Female,Netherlands,Other
845,Roman,Phalp,,false,31.181.91.139,Male,Ireland,macOS
846,Bradly,Milby,bmilbynh@amazon.co.uk,false,207.221.151.65,Male,Sweden,Windows
847,Base,Klemenz,bklemenzni@google.co.uk,false,97.35.58.179,Male,Portugal,macOS
848,Willi,Javes,,false,38.186.123.99,Male,Sweden,Linux
849,Julius,Vampouille,jvampouillenk@google.co.jp,true,134.31.82.205,Male,France,Linux
850,Orton,Byrom,obyromnl@nyu.edu,false,134.91.180.85,Male,Netherlands,Other
851,Cathy,Duetschens,cduetschensnm@parallels.com,true,56.253.60.5,Female,Greece,Android
852,Joe,Larkby,jlarkbynn@cnn.com,true,201.65.99.88,Male,Sweden,iOS
853,Claudio,Orbine,,true,235.201.212.122,Male,Czech Republic,Android
854,Anna-maria,McDougal,amcdougalnp@wp.com,true,113.139.61.242,Female,Spain,Other
855,Christa,Ashburner,cashburnernq@indiegogo.com,true,65.129.245.28,Female,Greece,Other
856,Kearney,Stuke,kstukenr@aboutads.info,true,201.223.103.246,Male,Czech Republic,iOS
857,Melicent,Davison,mdavisonns@com.com,true,233.142.53.103,Female,Portugal,Android
858,Adan,Dorsett,adorsettnt@weebly.com,true,220.91.238.52,Female,Portugal,Linux
859,Nate,Syncke,nsynckenu@toplist.cz,,250.80.241.5,Male,Greece,Linux
860,Giordano,Twizell,gtwizellnv@bandcamp.com,false,106.78.181.15,Male,Norway,Linux
861,Corliss,Coldwell,ccoldwellnw@booking.com,false,153.19.102.110,Female,Portugal,Other
862,Yolane,Allott,yallottnx@cnbc.com,false,141.165.150.249,Female,Portugal,Android
863,Corri,Dubose,cduboseny@tripod.com,true,20.85.195.249,Female,Czech Republic,Windows
864,Armand,Vidgeon,avidgeonnz@example.com,false,66.166.200.225,Male,Switzerland,Other
865,Estell,Quipp,equippo0@techcrunch.com,true,182.244.3.135,Female,Czech Republic,Linux
866,Raddie,Dran,rdrano1@topsy.com,false,44.0.202.41,Male,Portugal,Windows
867,Llewellyn,Wallace,lwallaceo2@washington.edu,true,37.25.138.91,Male,Sweden,Windows
868,Buck,McBrearty,bmcbreartyo3@mtv.com,true,43.110.50.68,Male,Denmark,iOS
869,Corena,Rearie,crearieo4@statcounter.com,true,135.60.48.89,Female,France,Other
870,Sherri,Howford,showfordo5@barnesandnoble.com,true,230.228.157.129,Female,Sweden,Android
871,Sioux,Scamaden,,false,236.232.189.37,Female,Portugal,macOS
872,Fedora,Matushenko,fmatushenkoo7@techcrunch.com,false,227.194.97.29,Female,Spain,iOS
873,Gothart,Scothron,gscothrono8@youtube.com,true,144.104.90.26,Male,France,macOS
874,Buckie,Patridge,bpatridgeo9@auda.org.au,true,88.20.249.41,Male,Sweden,Linux
875,Alix,Codeman,acodemanoa@youtu.be,false,159.202.245.152,Female,Greece,Windows
876,Sampson,Gledhill,sgledhillob@reference.com,,128.103.135.46,Male,Sweden,Android
877,Jasun,Bennetts,jbennettsoc@illinois.edu,false,139.15.221.102,Male,Greece,Linux
878,Mirabelle,Alabaster,malabasterod@dagondesign.com,true,41.192.81.0,Female,France,Windows
879,Ferguson,Burberye,fburberyeoe@oakley.com,false,131.142.2.87,Male,France,Linux
880,Annice,Brennon,abrennonof@usgs.gov,true,235.198.26.158,Female,Sweden,Other
881,Donn,Lehrer,dlehrerog@elpais.com,true,167.73.166.142,Male,Portugal,Other
882,Simeon,Twaite,stwaiteoh@live.com,false,185.79.72.178,Male,Greece,Windows
883,Wilton,Aleksandrev,waleksandrevoi@patch.com,false,191.30.32.113,Male,Portugal,Other
884,Roldan,Bilbery,rbilberyoj@sun.com,true,243.237.229.192,Male,Sweden,Windows
885,Manon,Aizik,maizikok@nifty.com,true,224.230.118.191,Female,Sweden,Windows
886,Faith,Goldby,fgoldbyol@unblog.fr,false,111.135.229.133,Female,Slovenia,Windows
887,Robers,St Ange,rstangeom@themeforest.net,true,86.57.204.181,Male,Portugal,Android
888,Edie,Guppy,eguppyon@huffingtonpost.com,false,168.74.223.54,Female,France,Windows
889,Charis,Baudains,cbaudainsoo@360.cn,true,3.85.219.71,Female,France,Linux
890,Miguel,Mackison,,true,84.231.87.194,Male,Netherlands,macOS
891,Colver,Gawkes,cgawkesoq@cargocollective.com,false,93.195.204.112,Male,Spain,Android
892,Melony,Danher,mdanheror@pbs.org,false,221.30.201.164,Female,France,Windows
893,Wilone,Espinoza,wespinozaos@google.com.br,true,78.217.40.132,Female,Ireland,Windows
894,Fletch,Awty,fawtyot@alibaba.com,false,140.52.88.162,Male,Slovenia,Other
895,Valera,Worwood,vworwoodou@tuttocitta.it,false,24.250.18.219,Female,Portugal,iOS
896,Guglielma,Ellerton,gellertonov@t-online.de,true,217.83.86.59,Female,Sweden,Windows
897,Grant,Pedroni,gpedroniow@abc.net.au,true,230.235.65.160,Male,Sweden,iOS
898,Henrie,Sleigh,hsleighox@flavors.me,true,220.197.14.44,Female,Greece,Windows
899,Haley,Faulds,hfauldsoy@yellowpages.com,false,139.186.176.112,Female,Ireland,Linux
900,Meredith,Loud,mloudoz@parallels.com,false,97.223.31.185,Male,France,Windows
901,Archer,Stoyle,astoylep0@angelfire.com,false,155.63.226.215,Male,Portugal,macOS
,Sybila,Warlawe,,false,102.126.111.139,Female,France,iOS
903,Hirsch,Tejero,htejerop2@xing.com,true,240.236.86.201,Male,Sweden,Other
904,Laughton,Upham,luphamp3@kickstarter.com,false,106.244.222.91,Male,Portugal,Android
905,Brewster,Alesbrook,balesbrookp4@state.gov,false,202.33.159.229,Male,Italy,macOS
906,Price,D'Alesio,pdalesiop5@51.la,false,19.55.242.125,Male,United Kingdom,Windows
907,Thornton,Huggens,thuggensp6@vimeo.com,false,50.200.115.134,Male,Norway,Android
908,Julio,Erdely,jerdelyp7@hp.com,true,177.117.85.83,Male,France,macOS
909,Sumner,Tyre,styrep8@e-recht24.de,false,119.198.163.28,Male,Portugal,macOS
910,Fidel,Gorioli,fgoriolip9@blogs.com,true,18.21.241.0,Male,Czech Republic,macOS
911,Sarene,Byas,sbyaspa@webs.com,false,100.150.4.174,Female,Sweden,Windows
912,Drud,Gillcrist,dgillcristpb@baidu.com,false,25.246.143.114,Male,Portugal,Linux
913,Cori,Stockley,cstockleypc@ox.ac.uk,false,209.189.112.231,Male,France,Other
914,Mallory,Tubble,mtubblepd@jalbum.net,true,133.202.140.161,Female,Portugal,macOS
915,Clevie,Joslow,cjoslowpe@princeton.edu,false,213.152.210.61,Male,Ireland,Windows
916,Marten,Dine-Hart,mdinehartpf@acquirethisname.com,true,87.78.4.246,Male,Norway,iOS
917,Ivan,Sheffield,isheffieldpg@epa.gov,false,236.191.148.23,Male,Portugal,Android
918,Selma,Bleckly,sblecklyph@hugedomains.com,true,104.29.5.18,Female,France,Android
919,Paten,Absalom,pabsalompi@tmall.com,true,188.197.187.127,Male,Czech Republic,Windows
920,Johnnie,Diano,jdianopj@wordpress.org,,77.45.84.158,Male,France,iOS
921,Gweneth,Hughf,ghughfpk@berkeley.edu,false,78.236.203.171,Female,Portugal,Android
,Pinchas,Soeiro,psoeiropl@youtube.com,true,27.252.194.182,Male,Portugal,iOS
923,Arley,Cotmore,,true,98.122.96.131,Male,Ireland,Linux
924,Cindelyn,Bartholat,,false,229.119.46.173,Female,France,Android
925,Calida,Rayner,,,180.178.248.96,Female,Portugal,Windows
926,Erin,Buckenham,ebuckenhampp@yahoo.co.jp,true,41.140.109.5,Male,France,Windows
927,Thomas,Olpin,tolpinpq@yellowpages.com,false,97.219.30.180,Male,Czech Republic,Android
928,Rodd,Earles,rearlespr@slideshare.net,true,55.100.41.220,Male,Portugal,iOS
929,Palmer,MacFadyen,pmacfadyenps@boston.com,true,175.41.87.97,Male,Portugal,Android
930,Augustina,Mityukov,amityukovpt@ucsd.edu,true,49.17.169.39,Female,Czech Republic,Windows
931,Albrecht,Witchell,awitchellpu@nationalgeographic.com,false,13.13.126.57,Male,Netherlands,Windows
932,Alicea,Throughton,athroughtonpv@tuttocitta.it,true,125.206.80.14,Female,Greece,Other
933,Basilius,Hartzenberg,bhartzenbergpw@simplemachines.org,false,214.149.59.129,Male,Portugal,Linux
934,Ardra,Ubee,aubeepx@shinystat.com,true,76.253.42.83,Female,Spain,Linux
935,Norton,Blackston,nblackstonpy@imageshack.us,false,46.146.105.120,Male,Sweden,iOS
936,Gerhardine,Rushman,grushmanpz@dedecms.com,true,89.89.22.165,Female,United Kingdom,Android
937,Josi,Sorbie,jsorbieq0@rakuten.co.jp,true,215.204.67.140,Female,Czech Republic,iOS
938,Boycey,Tye,btyeq1@paginegialle.it,false,101.25.226.188,Male,Greece,Windows
939,Karlie,Riepl,krieplq2@chronoengine.com,,132.28.38.216,Female,Czech Republic,iOS
940,Shell,Lindroos,slindroosq3@shinystat.com,true,25.204.90.57,Male,France,Android
941,Tiffani,Sainteau,tsainteauq4@sogou.com,true,246.100.165.213,Female,Portugal,Linux
942,Erastus,Sheard,esheardq5@ezinearticles.com,true,229.225.171.177,Male,Greece,Windows
943,Bambie,Dible,bdibleq6@ftc.gov,true,90.129.197.9,Female,Ireland,Other
944,Dedie,Brimelow,dbrimelowq7@amazon.com,,156.27.146.39,Female,United Kingdom,Linux
945,Tiebout,Noice,tnoiceq8@weibo.com,,146.41.64.210,Male,Ireland,Android
946,Gabey,MacFall,gmacfallq9@nbcnews.com,false,139.127.63.161,Female,France,Windows
947,Freddy,Corten,fcortenqa@nature.com,true,86.13.182.29,Female,Sweden,Linux
948,Vinita,McIlwain,vmcilwainqb@taobao.com,true,189.132.254.136,Female,France,macOS
949,Heindrick,Burndred,,true,224.204.98.42,Male,France,Android
950,Kevina,O'Lunney,kolunneyqd@1und1.de,,191.243.139.194,Female,France,Android
951,Sargent,Plascott,splascottqe@salon.com,,157.196.70.138,Male,Ireland,Other
952,Annabel,Oland,aolandqf@tripadvisor.com,,51.103.94.192,Female,France,iOS
953,Dolorita,Legon,dlegonqg@pbs.org,false,156.138.20.152,Female,France,Other
954,Isabelita,Keepence,ikeepenceqh@vkontakte.ru,true,0.151.178.99,Female,France,macOS
955,Danny,Zupa,dzupaqi@godaddy.com,true,65.126.106.134,Female,France,Android
956,Celka,Rimmer,crimmerqj@lycos.com,false,163.103.76.185,Female,Netherlands,Linux
957,Maximo,Moulster,mmoulsterqk@mashable.com,true,6.239.134.83,Male,Sweden,iOS
958,Mortimer,Monard,mmonardql@i2i.jp,true,250.205.218.83,Male,Portugal,macOS
959,Parnell,Beldham,pbeldhamqm@altervista.org,false,252.252.107.23,Male,Greece,Windows
960,Lezley,Tretter,ltretterqn@1und1.de,false,191.164.5.238,Male,France,Windows
961,Davie,Swalwel,dswalwelqo@princeton.edu,false,65.170.30.188,Male,Sweden,Linux
962,Gustavus,Brockie,,,178.204.146.191,Male,Portugal,Android
963,Lari,Cicchetto,lcicchettoqq@hubpages.com,,185.248.114.44,Female,Sweden,Other
964,Quinn,Prestland,qprestlandqr@ebay.com,,52.103.239.156,Male,France,Windows
,Whitaker,Note,wnoteqs@google.it,true,250.98.32.250,Male,Portugal,Android
966,Didi,McCoy,,,234.78.47.59,Female,Sweden,Android
967,Rooney,Birkin,rbirkinqu@biblegateway.com,,166.10.244.93,Male,France,Other
968,Karolina,Ellesmere,kellesmereqv@princeton.edu,false,188.135.152.38,Female,Sweden,macOS
969,Travis,Cansdale,tcansdaleqw@acquirethisname.com,true,191.207.10.31,Male,France,Android
970,Timothy,Ciric,tciricqx@rambler.ru,true,53.125.95.184,Male,Ireland,iOS
971,Pebrook,Heaps,pheapsqy@illinois.edu,true,219.220.229.103,Male,France,macOS
972,Enrichetta,Lissandri,elissandriqz@icio.us,false,56.253.157.109,Female,Portugal,macOS
973,Billie,Cristofolo,bcristofolor0@wiley.com,true,217.235.204.97,Male,Sweden,macOS
974,Tiffani,Menure,tmenurer1@storify.com,false,27.82.1.193,Female,Czech Republic,Other
975,Lyle,Inch,linchr2@qq.com,false,231.253.101.26,Male,France,Android
976,Elbert,Crysell,,,83.168.160.143,Male,Sweden,macOS
977,Guinna,Hodgin,ghodginr4@biglobe.ne.jp,true,111.24.222.224,Female,Czech Republic,Other
978,Broddy,Fridd,bfriddr5@imdb.com,true,41.23.85.225,Male,Portugal,macOS
979,Marylin,Baylie,mbaylier6@msn.com,true,168.197.226.5,Female,Netherlands,iOS
980,Danna,Johanning,djohanningr7@salon.com,false,80.235.232.199,Female,Greece,Other
981,Osborn,Jore,ojorer8@liveinternet.ru,true,131.73.87.67,Male,France,Windows
982,Iorgo,Warwicker,iwarwickerr9@xing.com,true,94.70.6.25,Male,Greece,Other
983,Neddy,Madigan,nmadiganra@miitbeian.gov.cn,false,76.229.241.179,Male,Czech Republic,iOS
984,Temp,Brumbye,tbrumbyerb@photobucket.com,false,106.97.116.219,Male,Portugal,Windows
985,Alaster,Pleace,apleacerc@csmonitor.com,false,44.83.31.6,Male,Germany,iOS
986,Dulce,Della,ddellard@sbwire.com,true,85.102.62.149,Female,France,Android
987,Josefa,Shakelady,jshakeladyre@bloomberg.com,false,189.165.60.55,Female,Czech Republic,Windows
988,Bryn,Gritsaev,bgritsaevrf@freewebs.com,true,67.47.148.199,Male,Sweden,iOS
989,Clay,Naul,,true,100.192.1.221,Male,Portugal,Windows
990,Maryellen,Birkett,mbirkettrh@mediafire.com,false,20.64.82.160,Female,Sweden,iOS
991,Lockwood,Wintringham,,true,235.82.186.135,Male,France,macOS
992,Pate,McElhinney,pmcelhinneyrj@zimbio.com,true,147.202.122.166,Male,Czech Republic,Other
,Clayborn,Wybrow,cwybrowrk@odnoklassniki.ru,true,176.137.197.77,Male,Portugal,Other
994,Ali,McLenaghan,amclenaghanrl@bloglovin.com,true,183.248.44.196,Male,Portugal,Windows
995,Gaile,Gavin,ggavinrm@economist.com,true,250.191.75.240,Male,Sweden,iOS
996,Eunice,Polden,epoldenrn@cbsnews.com,false,87.51.217.45,Female,Sweden,Other
997,Glynda,Liversedge,gliversedgero@globo.com,true,3.232.76.240,Female,Portugal,Other
998,Abe,Bruff,abruffrp@sina.com.cn,true,73.40.35.171,Male,Sweden,Linux
999,Scarlett,Crofts,scroftsrq@walmart.com,false,248.209.123.202,Female,Portugal,Linux
1000,Teriann,Elger,telgerrr@sphinn.com,false,155.69.60.17,Female,Greece,Other
